-- phpMyAdmin SQL Dump
-- version 5.1.0
-- https://www.phpmyadmin.net/
--
-- Servidor: 127.0.0.1
-- Tiempo de generación: 02-12-2022 a las 02:56:45
-- Versión del servidor: 10.4.18-MariaDB
-- Versión de PHP: 8.0.3

SET SQL_MODE = "NO_AUTO_VALUE_ON_ZERO";
START TRANSACTION;
SET time_zone = "+00:00";


/*!40101 SET @OLD_CHARACTER_SET_CLIENT=@@CHARACTER_SET_CLIENT */;
/*!40101 SET @OLD_CHARACTER_SET_RESULTS=@@CHARACTER_SET_RESULTS */;
/*!40101 SET @OLD_COLLATION_CONNECTION=@@COLLATION_CONNECTION */;
/*!40101 SET NAMES utf8mb4 */;

--
-- Base de datos: `bookstore`
--

DELIMITER $$
--
-- Procedimientos
--
CREATE DEFINER=`root`@`localhost` PROCEDURE `getVisitantes` (IN `semana` INT)  BEGIN
SELECT COUNT(ip) as contador FROM contador
WHERE WEEK(fecha)=semana;
END$$

CREATE DEFINER=`root`@`localhost` PROCEDURE `ventasXGeneroFecha` (IN `anio` INT, IN `mes` INT, IN `dia` INT)  BEGIN 

SELECT generos.generos AS fila, AVG(detalles_boletas.precio_unitario) AS columna
FROM generos INNER JOIN libros ON generos.idgeneros=libros.idgeneros
INNER JOIN detalles_boletas ON detalles_boletas.idlibros=libros.idlibros
INNER JOIN boletas ON boletas.idboletas=detalles_boletas.idboletas
WHERE year(boletas.fecha)=anio and month(boletas.fecha)=mes AND day(boletas.fecha)=dia
GROUP BY generos.generos;

END$$

--
-- Funciones
--
CREATE DEFINER=`root`@`localhost` FUNCTION `AreaCuadrado` (`Lado` INT) RETURNS INT(11) BEGIN
  return Lado*Lado;
END$$

CREATE DEFINER=`root`@`localhost` FUNCTION `GetNroBoletaMax` () RETURNS INT(11) NO SQL
BEGIN
Declare Contador int DEFAULT 0;
Select max(idboletas) into Contador from boletas;
return Contador;
END$$

CREATE DEFINER=`root`@`localhost` FUNCTION `idBoletaCliente` (`id` INT) RETURNS INT(11) NO SQL
BEGIN
DECLARE contador int;

Select max(b.idboletas) into contador from boletas b
WHERE b.idclientes=id;

RETURN contador;

END$$

CREATE DEFINER=`root`@`localhost` FUNCTION `NuevoIdBoleta` () RETURNS INT(11) BEGIN
Declare Contador int DEFAULT 0;

Select max(idboletas) into Contador from boletas;
IF (Contador IS NULL) THEN
	set Contador=0;
end if;	
return Contador+1;
END$$

CREATE DEFINER=`root`@`localhost` FUNCTION `NuevoIdLibro` () RETURNS INT(11) BEGIN
Declare Contador int DEFAULT 0;

Select max(idlibros) into Contador from libros;
IF (Contador IS NULL) THEN
	set Contador=0;
end if;	
return Contador+1;
END$$

CREATE DEFINER=`root`@`localhost` FUNCTION `NuevoNroBoleta` () RETURNS VARCHAR(10) CHARSET latin1 BEGIN
Declare Contador int DEFAULT 0;

Select max(right(numero,8)) into Contador from boletas;
IF (Contador IS NULL) THEN
	set Contador=0;
end if;	
return concat('B-',right(concat('00000000',Contador+1),8)) ;
END$$

CREATE DEFINER=`root`@`localhost` FUNCTION `NumerosALetras` (`numero` NUMERIC(19,7)) RETURNS VARCHAR(512) CHARSET latin1 BEGIN


DECLARE lcRetorno VARCHAR(512);
DECLARE lnTerna INT;
DECLARE lcMiles VARCHAR(512);
DECLARE lcCadena VARCHAR(512);
DECLARE lnUnidades INT;
DECLARE lnDecenas INT;
DECLARE lnCentenas INT;
DECLARE lnEntero INT;
DECLARE lnDecimal INT;

Set lnEntero = truncate(numero,0);
Set lnDecimal = (numero - lnEntero)*100;

IF lnEntero > 0 THEN
SET lcRetorno = '';
SET lnTerna = 1 ;

WHILE lnEntero > 0 DO

-- Recorro columna por columna
SET lcCadena = '';

SET lnUnidades = RIGHT(lnEntero,1);
SET lnEntero = LEFT(lnEntero,LENGTH(lnEntero)-1) ;

SET lnDecenas = RIGHT(lnEntero,1);
SET lnEntero = LEFT(lnEntero,LENGTH(lnEntero)-1) ;

SET lnCentenas = RIGHT(lnEntero,1);
SET lnEntero = LEFT(lnEntero,LENGTH(lnEntero)-1) ;
-- Analizo las unidades
SET lcCadena =
CASE /* UNIDADES */
WHEN lnUnidades = 1 AND lnTerna = 1 THEN CONCAT('UNO ',lcCadena)
WHEN lnUnidades = 1 AND lnTerna <> 1 THEN CONCAT('UN',lcCadena)
WHEN lnUnidades = 2 THEN CONCAT('DOS ',lcCadena)
WHEN lnUnidades = 3 THEN CONCAT('TRES ',lcCadena)
WHEN lnUnidades = 4 THEN CONCAT('CUATRO ',lcCadena)
WHEN lnUnidades = 5 THEN CONCAT('CINCO ',lcCadena)
WHEN lnUnidades = 6 THEN CONCAT('SEIS ',lcCadena)
WHEN lnUnidades = 7 THEN CONCAT('SIETE ',lcCadena)
WHEN lnUnidades = 8 THEN CONCAT('OCHO ',lcCadena)
WHEN lnUnidades = 9 THEN CONCAT('NUEVE ',lcCadena)
ELSE lcCadena
END ;/* UNIDADES */

-- Analizo las decenas
SET lcCadena =
CASE /* DECENAS */
WHEN lnDecenas = 1 THEN
CASE lnUnidades
WHEN 0 THEN 'DIEZ '
WHEN 1 THEN 'ONCE '
WHEN 2 THEN 'DOCE '
WHEN 3 THEN 'TRECE '
WHEN 4 THEN 'CATORCE '
WHEN 5 THEN 'QUINCE '
ELSE CONCAT('DIECI',lcCadena)
END
WHEN lnDecenas = 2 AND lnUnidades = 0 THEN CONCAT('VEINTE ',lcCadena)
WHEN lnDecenas = 2 AND lnUnidades <> 0 THEN CONCAT('VEINTI',lcCadena)
WHEN lnDecenas = 3 AND lnUnidades = 0 THEN CONCAT('TREINTA ',lcCadena)
WHEN lnDecenas = 3 AND lnUnidades <> 0 THEN CONCAT('TREINTA Y ',lcCadena)
WHEN lnDecenas = 4 AND lnUnidades = 0 THEN CONCAT('CUARENTA ',lcCadena)
WHEN lnDecenas = 4 AND lnUnidades <> 0 THEN CONCAT('CUARENTA Y ',lcCadena)
WHEN lnDecenas = 5 AND lnUnidades = 0 THEN CONCAT('CINCUENTA ',lcCadena)
WHEN lnDecenas = 5 AND lnUnidades <> 0 THEN CONCAT('CINCUENTA Y ',lcCadena)
WHEN lnDecenas = 6 AND lnUnidades = 0 THEN CONCAT('SESENTA ',lcCadena)
WHEN lnDecenas = 6 AND lnUnidades <> 0 THEN CONCAT('SESENTA Y ',lcCadena)
WHEN lnDecenas = 7 AND lnUnidades = 0 THEN CONCAT('SETENTA ',lcCadena)
WHEN lnDecenas = 7 AND lnUnidades <> 0 THEN CONCAT('SETENTA Y ',lcCadena)
WHEN lnDecenas = 8 AND lnUnidades = 0 THEN CONCAT('OCHENTA ',lcCadena)
WHEN lnDecenas = 8 AND lnUnidades <> 0 THEN CONCAT('OCHENTA Y ',lcCadena)
WHEN lnDecenas = 9 AND lnUnidades = 0 THEN CONCAT('NOVENTA ',lcCadena)
WHEN lnDecenas = 9 AND lnUnidades <> 0 THEN CONCAT('NOVENTA Y ',lcCadena)
ELSE lcCadena
END ;/* DECENAS */

-- Analizo las centenas
SET lcCadena =
CASE /* CENTENAS */
WHEN lnCentenas = 1 AND lnUnidades = 0 AND lnDecenas = 0 THEN CONCAT('CIEN ',lcCadena)
WHEN lnCentenas = 1 AND NOT(lnUnidades = 0 AND lnDecenas = 0) THEN CONCAT('CIENTO ',lcCadena)
WHEN lnCentenas = 2 THEN CONCAT('DOSCIENTOS ',lcCadena)
WHEN lnCentenas = 3 THEN CONCAT('TRESCIENTOS ',lcCadena)
WHEN lnCentenas = 4 THEN CONCAT('CUATROCIENTOS ',lcCadena)
WHEN lnCentenas = 5 THEN CONCAT('QUINIENTOS ',lcCadena)
WHEN lnCentenas = 6 THEN CONCAT('SEISCIENTOS ',lcCadena)
WHEN lnCentenas = 7 THEN CONCAT('SETECIENTOS ',lcCadena)
WHEN lnCentenas = 8 THEN CONCAT('OCHOCIENTOS ',lcCadena)
WHEN lnCentenas = 9 THEN CONCAT('NOVECIENTOS ',lcCadena)
ELSE lcCadena
END ;/* CENTENAS */



-- Analizo los millares
SET lcCadena =
CASE /* TERNA */
WHEN lnTerna = 1 THEN lcCadena
WHEN lnTerna = 2 AND (lnUnidades + lnDecenas + lnCentenas <> 0) THEN CONCAT(lcCadena,' MIL ')
WHEN lnTerna = 3 AND (lnUnidades + lnDecenas + lnCentenas <> 0) AND lnUnidades = 1 AND lnDecenas = 0 AND lnCentenas = 0 THEN CONCAT(lcCadena,' MILLON ')
WHEN lnTerna = 3 AND (lnUnidades + lnDecenas + lnCentenas <> 0) AND NOT (lnUnidades = 1 AND lnDecenas = 0 AND lnCentenas = 0) THEN CONCAT(lcCadena,' MILLONES ')
WHEN lnTerna = 4 AND (lnUnidades + lnDecenas + lnCentenas <> 0) THEN CONCAT(lcCadena,' MIL MILLONES ')
WHEN lnTerna = 5 AND (lnUnidades + lnDecenas + lnCentenas <> 0) AND lnUnidades = 1 AND lnDecenas = 0 AND lnCentenas = 0 THEN CONCAT(lcCadena,' BILLON ')
WHEN lnTerna = 5 AND (lnUnidades + lnDecenas + lnCentenas <> 0) AND NOT (lnUnidades = 1 AND lnDecenas = 0 AND lnCentenas = 0) THEN CONCAT(lcCadena,' BILLONES ')
WHEN lnTerna = 6 AND (lnUnidades + lnDecenas + lnCentenas <> 0) THEN CONCAT(lcCadena,' MIL BILLONES ')
WHEN lnTerna = 7 AND (lnUnidades + lnDecenas + lnCentenas <> 0) AND lnUnidades = 1 AND lnDecenas = 0 AND lnCentenas = 0 THEN CONCAT(lcCadena,' TRILLON ')
WHEN lnTerna = 7 AND (lnUnidades + lnDecenas + lnCentenas <> 0) AND NOT (lnUnidades = 1 AND lnDecenas = 0 AND lnCentenas = 0) THEN CONCAT(lcCadena,' TRILLONES ')
WHEN lnTerna = 8 AND (lnUnidades + lnDecenas + lnCentenas <> 0) THEN CONCAT(lcCadena,' MIL TRILLONES ')
ELSE ''
END ;/* MILLARES */


-- Armo el retorno columna a columna
SET lcRetorno = CONCAT(lcCadena,lcRetorno);

SET lnTerna = lnTerna + 1;

END WHILE ; /* WHILE */
ELSE
SET lcRetorno = 'CERO' ;
END IF ;

return concat(RTRIM(lcRetorno),' y ',lnDecimal,'/100') ;

END$$

DELIMITER ;

-- --------------------------------------------------------

--
-- Estructura de tabla para la tabla `auditoria`
--

CREATE TABLE `auditoria` (
  `idauditoria` int(11) NOT NULL,
  `tabla` varchar(30) CHARACTER SET latin1 DEFAULT NULL,
  `data_new` longtext CHARACTER SET utf8mb4 COLLATE utf8mb4_bin DEFAULT NULL,
  `datos_old` longtext CHARACTER SET utf8mb4 COLLATE utf8mb4_bin DEFAULT NULL,
  `usuario` varchar(20) CHARACTER SET latin1 DEFAULT NULL,
  `ip` varchar(32) CHARACTER SET latin1 DEFAULT NULL,
  `accion` varchar(1) CHARACTER SET latin1 DEFAULT NULL,
  `fecha` timestamp NULL DEFAULT NULL
) ENGINE=InnoDB DEFAULT CHARSET=utf8;

-- --------------------------------------------------------

--
-- Estructura de tabla para la tabla `autores`
--

CREATE TABLE `autores` (
  `idautores` int(11) NOT NULL,
  `fullnombres` varchar(100) DEFAULT NULL,
  `fechanac` datetime DEFAULT NULL,
  `fechadef` datetime DEFAULT NULL
) ENGINE=InnoDB DEFAULT CHARSET=utf8;

--
-- Volcado de datos para la tabla `autores`
--

INSERT INTO `autores` (`idautores`, `fullnombres`, `fechanac`, `fechadef`) VALUES
(1, 'Abraham Valdelomar', '1888-04-16 00:00:00', '1919-11-03 00:00:00');

-- --------------------------------------------------------

--
-- Estructura de tabla para la tabla `autorlibro`
--

CREATE TABLE `autorlibro` (
  `idautores` int(11) NOT NULL,
  `idlibros` int(11) NOT NULL
) ENGINE=InnoDB DEFAULT CHARSET=utf8;

--
-- Volcado de datos para la tabla `autorlibro`
--

INSERT INTO `autorlibro` (`idautores`, `idlibros`) VALUES
(1, 1);

-- --------------------------------------------------------

--
-- Estructura de tabla para la tabla `boletas`
--

CREATE TABLE `boletas` (
  `idboletas` int(11) NOT NULL,
  `numero` varchar(15) CHARACTER SET latin1 DEFAULT NULL,
  `fecha` timestamp NULL DEFAULT NULL,
  `total` decimal(19,7) DEFAULT NULL,
  `idclientes` int(11) DEFAULT NULL
) ENGINE=InnoDB DEFAULT CHARSET=utf8;

--
-- Volcado de datos para la tabla `boletas`
--

INSERT INTO `boletas` (`idboletas`, `numero`, `fecha`, `total`, `idclientes`) VALUES
(1, 'B-00000001', '2022-11-17 22:58:48', '14.1600000', 4),
(2, 'B-00000002', '2022-11-17 23:01:31', '14.1600000', 4),
(3, 'B-00000003', '2022-11-17 23:02:54', '76.7000000', 4),
(4, 'B-00000004', '2022-11-17 23:06:43', '14.1600000', 4),
(5, 'B-00000005', '2022-11-17 23:17:40', '14.1600000', 4),
(6, 'B-00000006', '2022-11-17 23:32:44', '102.6600000', 4),
(7, 'B-00000007', '2022-11-17 23:42:53', '14.1600000', 4),
(8, 'B-00000008', '2022-11-17 20:05:07', '59.0000000', 1),
(9, 'B-00000009', '2022-11-17 20:54:35', '14.1600000', 4),
(10, 'B-00000010', '2022-11-17 20:55:21', '17.7000000', 4),
(11, 'B-00000011', '2022-11-17 21:04:12', '14.1600000', 4),
(12, 'B-00000012', '2022-11-17 21:05:34', '14.1600000', 4),
(13, 'B-00000013', '2022-11-17 21:08:04', '116.8200000', 4),
(14, 'B-00000014', '2022-11-17 21:08:46', '14.1600000', 4),
(15, 'B-00000015', '2022-11-17 21:09:28', '14.1600000', 4),
(16, 'B-00000016', '2022-11-17 21:11:09', '14.1600000', 4),
(17, 'B-00000017', '2022-11-17 21:12:20', '31.8600000', 4),
(18, 'B-00000018', '2022-11-17 21:12:49', '14.1600000', 4),
(19, 'B-00000019', '2022-11-17 21:15:10', '28.3200000', 4),
(20, 'B-00000020', '2022-11-17 21:15:51', '145.1400000', 4),
(21, 'B-00000021', '2022-11-17 21:16:37', '59.0000000', 4),
(22, 'B-00000022', '2022-11-17 21:17:30', '14.1600000', 4),
(23, 'B-00000023', '2022-11-17 21:18:12', '145.1400000', 4),
(24, 'B-00000024', '2022-11-17 21:20:15', '29.5000000', 4),
(25, 'B-00000025', '2022-11-17 21:22:51', '17.7000000', 4),
(26, 'B-00000026', '2022-11-17 21:23:48', '145.1400000', 4),
(27, 'B-00000027', '2022-11-17 21:25:32', '159.3000000', 4),
(28, 'B-00000028', '2022-11-17 21:27:03', '17.7000000', 4),
(29, 'B-00000029', '2022-11-18 21:38:08', '59.0000000', 4),
(30, 'B-00000030', '2022-11-18 21:40:39', '14.1600000', 4),
(31, 'B-00000031', '2022-11-18 21:41:22', '59.0000000', 4),
(32, 'B-00000032', '2022-11-18 21:42:08', '17.7000000', 4),
(33, 'B-00000033', '2022-11-18 21:44:08', '145.1400000', 4),
(34, 'B-00000034', '2022-11-18 21:44:43', '14.1600000', 4),
(35, 'B-00000035', '2022-11-18 21:45:40', '145.1400000', 4),
(36, 'B-00000036', '2022-11-18 21:46:19', '29.5000000', 4),
(37, 'B-00000037', '2022-11-18 21:47:06', '29.5000000', 4),
(38, 'B-00000038', '2022-11-18 21:47:31', '14.1600000', 4),
(39, 'B-00000039', '2022-11-18 21:50:55', '265.5000000', 4),
(40, 'B-00000040', '2022-11-18 21:51:55', '159.3000000', 4),
(41, 'B-00000041', '2022-11-18 21:53:35', '88.5000000', 4),
(42, 'B-00000042', '2022-11-18 21:54:01', '106.2000000', 4),
(43, 'B-00000043', '2022-11-18 21:54:32', '59.0000000', 4),
(44, 'B-00000044', '2022-11-19 05:56:43', '46.0200000', 10),
(45, 'B-00000045', '2022-11-19 05:57:52', '14.1600000', 1),
(46, 'B-00000046', '2022-11-20 09:11:20', '14.1600000', 12),
(47, 'B-00000047', '2022-11-20 11:22:35', '47.2000000', 13),
(48, 'B-00000048', '2022-11-20 11:24:26', '14.1600000', 4),
(49, 'B-00000049', '2022-11-24 02:04:00', '145.1400000', 10),
(50, 'B-00000050', '2022-11-24 15:11:59', '29.5000000', 12),
(51, 'B-00000051', '2022-11-24 22:12:24', '14.1600000', 13),
(52, 'B-00000052', '2022-11-30 15:33:29', '28.3200000', 80),
(53, 'B-00000053', '2022-12-02 01:20:45', '101.4800000', 90);

--
-- Disparadores `boletas`
--
DELIMITER $$
CREATE TRIGGER `NuevaBoleta` BEFORE INSERT ON `boletas` FOR EACH ROW begin
	set new.idboletas=NuevoIdBoleta();
    set new.numero=NuevoNroBoleta();
    set new.fecha=now();
 end
$$
DELIMITER ;

-- --------------------------------------------------------

--
-- Estructura de tabla para la tabla `clientes`
--

CREATE TABLE `clientes` (
  `idclientes` int(11) NOT NULL,
  `nombre` varchar(50) DEFAULT NULL,
  `apellido` varchar(50) DEFAULT NULL,
  `direccion` varchar(100) DEFAULT NULL,
  `dni` varchar(12) DEFAULT NULL,
  `email` varchar(80) CHARACTER SET latin1 NOT NULL,
  `telefono` varchar(15) NOT NULL,
  `login` varchar(15) DEFAULT NULL,
  `pasword` varchar(100) DEFAULT NULL,
  `fechaalta` datetime DEFAULT NULL,
  `estado` varchar(1) DEFAULT NULL,
  `idperfil` int(11) NOT NULL,
  `url` varchar(50) DEFAULT NULL,
  `codigo` double NOT NULL
) ENGINE=InnoDB DEFAULT CHARSET=utf8;

--
-- Volcado de datos para la tabla `clientes`
--

INSERT INTO `clientes` (`idclientes`, `nombre`, `apellido`, `direccion`, `dni`, `email`, `telefono`, `login`, `pasword`, `fechaalta`, `estado`, `idperfil`, `url`, `codigo`) VALUES
(1, 'Fènix', NULL, NULL, NULL, 'apstigrupofenix@gmail.com', '', 'Pollo de fuego', '956991638dgnr', NULL, '1', 1, 'fenix.jpg', 0),
(4, 'Dennis Giovani', 'Nina Ramos', 'Asoc 8 de Diciembre Mz C1 L1 San Antonio', '77706337', 'dennisnina@gmail.com', '986736914', 'RamosRN', '986736914', '2022-11-17 03:08:10', '1', 2, 'cubo.jpg', 0),
(10, 'Khair Nezareth', 'Choccata Pino', 'En el paraiso', '78945612', 'choccata@gmail.com', '948828001', 'Khair', '123456', '2022-11-18 19:25:38', '1', 2, NULL, 0),
(11, 'Samuel ', 'Choccata Pino', 'En el paraiso', '78945612', 'choccata@gmail.com', '948828001', 'Samuel', '123456', '2022-11-18 19:28:56', '1', 2, NULL, 0),
(12, 'Noelia Lisset', 'del Carpio Alarcon', 'moquegua', '12345678', 'noelia@gmail.com', '948828001', 'Noelia', '123456', '2022-11-19 01:31:15', '1', 2, 'noelia.jpeg', 0),
(13, 'Wilfredo ', 'Beltran Paye', 'San Antonio', '78945612', 'willy@gmail.com', '963852741', 'Beltran', '123456', '2022-11-20 03:15:34', '0', 2, NULL, 0),
(28, 'Ronald Samuel', 'Jimenez Guevara', 'los rosales n15', '77706337', 'ronald@gmail.com', '948828001', 'Ronald', '123456', '2022-11-25 04:41:20', '0', 2, NULL, 0),
(29, 'Conan', 'Cutipa Ramos', 'los rosales n15', '77706337', 'cutipa@gmail.com', '948828001', 'Conan', '123456', '2022-11-25 04:41:50', '0', 2, NULL, 0),
(80, 'Dennis Giovani', 'Nina Ramos', 'Asoc Micaela Bastidas', '78945612', 'dennisnina1@gmail.com', '986736914', 'Dennis', '123456', '2022-11-30 10:28:40', '0', 2, NULL, 3080),
(88, 'Dennis Giovani', 'Nina Ramos', 'Asoc 8 de Dic Mz c10 L12 San Antonio', '77706337', 'dennisnina99@gmail.com', '986736914', 'Dennis', '123456', '2022-12-01 17:52:50', '1', 2, NULL, 8582),
(89, 'Ronald', 'Jimenez', 'en el paraiso', '78946512', 'fasepem.vahutuf@rungel.net', '963852741', 'Ronald', '123456', '2022-12-01 18:09:39', '1', 2, NULL, 6401),
(90, 'Nelly ', 'Mamani Quispe', 'Asoc Mariàtegui J10 San Francisco / Moquegua', '12345678', 'niqifecir@gotgel.org', '456132798', 'NellyMQ', '123456', '2022-12-01 18:43:35', '1', 2, NULL, 3557);

-- --------------------------------------------------------

--
-- Estructura de tabla para la tabla `contactanos`
--

CREATE TABLE `contactanos` (
  `id` int(11) NOT NULL,
  `nombre` varchar(50) NOT NULL,
  `apellido` varchar(50) NOT NULL,
  `correo` varchar(40) NOT NULL,
  `sexo` varchar(15) NOT NULL,
  `mensaje` varchar(1000) NOT NULL,
  `fecha` timestamp NOT NULL DEFAULT current_timestamp() ON UPDATE current_timestamp()
) ENGINE=InnoDB DEFAULT CHARSET=utf8;

--
-- Volcado de datos para la tabla `contactanos`
--

INSERT INTO `contactanos` (`id`, `nombre`, `apellido`, `correo`, `sexo`, `mensaje`, `fecha`) VALUES
(23, 'Khair Nezareth ', 'Choccata Pino', 'choccata@gmail.com', '', 'buena tienda', '2022-11-25 01:46:30'),
(24, 'Dennis Giovani', 'Nina Ramos', 'dennisnina@gmail.com', 'masculino', 'buena tienda', '2022-11-30 16:36:29'),
(25, 'Wilfredo  ', 'Beltran Paye', 'willy@gmail.com', '', 'buena tienda', '2022-11-30 16:37:23');

-- --------------------------------------------------------

--
-- Estructura de tabla para la tabla `contador`
--

CREATE TABLE `contador` (
  `id` int(11) NOT NULL,
  `ip` varchar(256) NOT NULL,
  `fecha` datetime NOT NULL
) ENGINE=InnoDB DEFAULT CHARSET=utf8mb4;

--
-- Volcado de datos para la tabla `contador`
--

INSERT INTO `contador` (`id`, `ip`, `fecha`) VALUES
(286, '::1', '2022-11-23 20:40:40'),
(287, '::1', '2022-11-23 20:40:49'),
(288, '::1', '2022-11-23 20:40:55'),
(289, '::1', '2022-11-23 20:41:15'),
(290, '::1', '2022-11-23 20:41:18'),
(291, '::1', '2022-11-23 20:41:31'),
(292, '::1', '2022-11-23 20:43:22'),
(293, '::1', '2022-11-23 20:43:40'),
(294, '::1', '2022-11-23 20:43:50'),
(295, '::1', '2022-11-23 20:44:46'),
(296, '::1', '2022-11-23 20:45:05'),
(297, '::1', '2022-11-23 20:45:15'),
(298, '::1', '2022-11-23 20:46:14'),
(299, '::1', '2022-11-23 20:46:45'),
(300, '::1', '2022-11-23 20:46:55'),
(301, '::1', '2022-11-23 20:47:10'),
(302, '::1', '2022-11-23 20:47:49'),
(303, '::1', '2022-11-23 20:47:50'),
(304, '::1', '2022-11-23 20:48:01'),
(305, '::1', '2022-11-23 20:48:10'),
(306, '::1', '2022-11-23 20:48:17'),
(307, '::1', '2022-11-23 20:48:23'),
(308, '::1', '2022-11-23 20:48:40'),
(309, '::1', '2022-11-23 20:49:08'),
(310, '::1', '2022-11-23 20:54:23'),
(311, '::1', '2022-11-23 20:55:14'),
(312, '::1', '2022-11-23 20:55:19'),
(313, '::1', '2022-11-23 20:55:57'),
(314, '::1', '2022-11-23 20:56:04'),
(315, '::1', '2022-11-23 20:58:19'),
(316, '::1', '2022-11-23 20:58:39'),
(317, '::1', '2022-11-23 21:02:30'),
(318, '::1', '2022-11-23 21:02:51'),
(319, '::1', '2022-11-23 21:02:59'),
(320, '::1', '2022-11-23 21:03:06'),
(321, '::1', '2022-11-23 21:04:32'),
(322, '::1', '2022-11-23 21:04:39'),
(323, '::1', '2022-11-23 21:06:10'),
(324, '::1', '2022-11-23 21:14:37'),
(325, '::1', '2022-11-23 21:21:22'),
(326, '::1', '2022-11-23 21:22:00'),
(327, '::1', '2022-11-23 21:22:13'),
(328, '::1', '2022-11-23 21:23:06'),
(329, '::1', '2022-11-23 21:23:08'),
(330, '::1', '2022-11-23 21:23:31'),
(331, '::1', '2022-11-23 21:34:57'),
(332, '::1', '2022-11-23 21:35:12'),
(333, '::1', '2022-11-23 21:35:28'),
(334, '::1', '2022-11-23 21:35:38'),
(335, '::1', '2022-11-23 21:36:36'),
(336, '::1', '2022-11-23 21:36:48'),
(337, '::1', '2022-11-23 21:37:29'),
(338, '::1', '2022-11-23 21:37:44'),
(339, '::1', '2022-11-23 21:37:57'),
(340, '::1', '2022-11-23 21:38:04'),
(341, '::1', '2022-11-23 21:38:35'),
(342, '::1', '2022-11-23 21:38:37'),
(343, '::1', '2022-11-23 21:39:48'),
(344, '::1', '2022-11-23 21:39:52'),
(345, '::1', '2022-11-23 21:40:03'),
(346, '::1', '2022-11-23 21:40:20'),
(347, '::1', '2022-11-23 21:40:29'),
(348, '::1', '2022-11-23 21:40:29'),
(349, '::1', '2022-11-23 21:40:30'),
(350, '::1', '2022-11-23 21:40:30'),
(351, '::1', '2022-11-23 21:40:30'),
(352, '::1', '2022-11-23 21:40:38'),
(353, '::1', '2022-11-23 21:40:38'),
(354, '::1', '2022-11-23 21:40:39'),
(355, '::1', '2022-11-23 21:40:39'),
(356, '::1', '2022-11-23 21:40:39'),
(357, '::1', '2022-11-23 21:40:39'),
(358, '::1', '2022-11-23 21:40:39'),
(359, '::1', '2022-11-23 21:40:40'),
(360, '::1', '2022-11-23 21:40:40'),
(361, '::1', '2022-11-23 21:40:40'),
(362, '::1', '2022-11-23 21:40:40'),
(363, '::1', '2022-11-23 21:40:40'),
(364, '::1', '2022-11-23 21:40:40'),
(365, '::1', '2022-11-23 21:40:41'),
(366, '::1', '2022-11-23 21:40:41'),
(367, '::1', '2022-11-23 21:40:41'),
(368, '::1', '2022-11-23 21:40:41'),
(369, '::1', '2022-11-23 21:40:41'),
(370, '::1', '2022-11-23 21:40:50'),
(371, '::1', '2022-11-23 21:41:05'),
(372, '::1', '2022-11-23 21:41:10'),
(373, '::1', '2022-11-23 21:43:10'),
(374, '::1', '2022-11-23 21:43:13'),
(375, '::1', '2022-11-23 21:43:42'),
(376, '::1', '2022-11-23 21:45:01'),
(377, '::1', '2022-11-23 21:45:09'),
(378, '::1', '2022-11-23 21:45:19'),
(379, '::1', '2022-11-23 21:45:31'),
(380, '::1', '2022-11-23 21:46:38'),
(381, '::1', '2022-11-23 21:47:14'),
(382, '::1', '2022-11-23 21:47:18'),
(383, '::1', '2022-11-23 21:48:45'),
(384, '::1', '2022-11-23 21:48:45'),
(385, '::1', '2022-11-23 21:48:45'),
(386, '::1', '2022-11-23 21:48:46'),
(387, '::1', '2022-11-23 21:48:46'),
(388, '::1', '2022-11-23 21:48:46'),
(389, '::1', '2022-11-23 21:48:48'),
(390, '::1', '2022-11-23 21:48:59'),
(391, '::1', '2022-11-23 21:49:29'),
(392, '::1', '2022-11-23 21:50:09'),
(393, '::1', '2022-11-23 21:50:12'),
(394, '::1', '2022-11-23 21:50:28'),
(395, '::1', '2022-11-23 21:50:38'),
(396, '::1', '2022-11-23 21:50:51'),
(397, '::1', '2022-11-23 21:51:04'),
(398, '::1', '2022-11-23 21:51:10'),
(399, '::1', '2022-11-23 21:51:24'),
(400, '::1', '2022-11-23 21:51:55'),
(401, '::1', '2022-11-23 21:51:57'),
(402, '::1', '2022-11-23 21:52:42'),
(403, '::1', '2022-11-23 21:53:00'),
(404, '::1', '2022-11-23 21:53:31'),
(405, '::1', '2022-11-23 21:53:35'),
(406, '::1', '2022-11-23 21:53:38'),
(407, '::1', '2022-11-23 21:54:59'),
(408, '::1', '2022-11-23 21:55:29'),
(409, '::1', '2022-11-23 21:56:10'),
(410, '::1', '2022-11-23 21:56:39'),
(411, '::1', '2022-11-23 21:56:52'),
(412, '::1', '2022-11-24 09:42:01'),
(413, '::1', '2022-11-24 09:42:08'),
(414, '::1', '2022-11-24 09:42:22'),
(415, '::1', '2022-11-24 09:42:26'),
(416, '::1', '2022-11-24 09:42:34'),
(417, '::1', '2022-11-24 09:42:39'),
(418, '::1', '2022-11-24 09:43:16'),
(419, '::1', '2022-11-24 09:43:20'),
(420, '::1', '2022-11-24 09:48:45'),
(421, '::1', '2022-11-24 10:10:50'),
(422, '::1', '2022-11-24 10:10:57'),
(423, '::1', '2022-11-24 10:11:07'),
(424, '::1', '2022-11-24 10:11:12'),
(425, '::1', '2022-11-24 10:11:31'),
(426, '::1', '2022-11-24 10:11:35'),
(427, '::1', '2022-11-24 10:12:38'),
(428, '::1', '2022-11-24 10:12:43'),
(429, '::1', '2022-11-24 10:16:06'),
(430, '::1', '2022-11-24 10:16:17'),
(431, '::1', '2022-11-24 10:27:39'),
(432, '::1', '2022-11-24 10:27:46'),
(433, '::1', '2022-11-24 10:45:44'),
(434, '::1', '2022-11-24 10:45:49'),
(435, '::1', '2022-11-24 10:48:54'),
(436, '::1', '2022-11-24 11:15:11'),
(437, '::1', '2022-11-24 11:15:21'),
(438, '::1', '2022-11-24 11:15:47'),
(439, '::1', '2022-11-24 11:15:51'),
(440, '::1', '2022-11-24 11:52:52'),
(441, '::1', '2022-11-24 11:52:58'),
(442, '::1', '2022-11-24 11:54:51'),
(443, '::1', '2022-11-24 11:54:57'),
(444, '::1', '2022-11-24 11:55:35'),
(445, '::1', '2022-11-24 11:55:40'),
(446, '::1', '2022-11-24 11:55:56'),
(447, '::1', '2022-11-24 11:56:08'),
(448, '::1', '2022-11-24 11:56:26'),
(449, '::1', '2022-11-24 11:56:30'),
(450, '::1', '2022-11-24 11:57:36'),
(451, '::1', '2022-11-24 17:06:55'),
(452, '::1', '2022-11-24 17:07:25'),
(453, '::1', '2022-11-24 17:07:49'),
(454, '::1', '2022-11-24 17:09:11'),
(455, '::1', '2022-11-24 17:09:22'),
(456, '::1', '2022-11-24 17:09:27'),
(457, '::1', '2022-11-24 17:10:12'),
(458, '::1', '2022-11-24 17:10:18'),
(459, '::1', '2022-11-24 17:11:46'),
(460, '::1', '2022-11-24 17:12:01'),
(461, '::1', '2022-11-24 17:12:28'),
(462, '::1', '2022-11-24 17:12:54'),
(463, '::1', '2022-11-24 17:12:58'),
(464, '::1', '2022-11-24 17:16:17'),
(465, '::1', '2022-11-24 17:16:26'),
(466, '::1', '2022-11-24 17:16:34'),
(467, '::1', '2022-11-24 17:16:37'),
(468, '::1', '2022-11-24 17:16:56'),
(469, '::1', '2022-11-24 17:30:24'),
(470, '::1', '2022-11-24 17:30:29'),
(471, '::1', '2022-11-24 17:30:34'),
(472, '::1', '2022-11-24 17:30:55'),
(473, '::1', '2022-11-24 17:32:10'),
(474, '::1', '2022-11-24 17:32:14'),
(475, '::1', '2022-11-24 17:32:23'),
(476, '::1', '2022-11-24 17:32:30'),
(477, '::1', '2022-11-24 17:33:28'),
(478, '::1', '2022-11-24 17:33:44'),
(479, '::1', '2022-11-24 17:33:48'),
(480, '::1', '2022-11-24 17:33:57'),
(481, '::1', '2022-11-24 17:34:01'),
(482, '::1', '2022-11-24 17:36:20'),
(483, '::1', '2022-11-24 17:36:24'),
(484, '::1', '2022-11-24 17:36:46'),
(485, '::1', '2022-11-24 17:36:51'),
(486, '::1', '2022-11-24 17:37:20'),
(487, '::1', '2022-11-24 17:37:24'),
(488, '::1', '2022-11-24 17:38:31'),
(489, '::1', '2022-11-24 17:38:34'),
(490, '::1', '2022-11-24 17:43:44'),
(491, '::1', '2022-11-24 17:43:51'),
(492, '::1', '2022-11-24 17:43:58'),
(493, '::1', '2022-11-24 17:44:03'),
(494, '::1', '2022-11-24 17:46:49'),
(495, '::1', '2022-11-24 17:46:52'),
(496, '::1', '2022-11-24 17:46:54'),
(497, '::1', '2022-11-24 17:46:56'),
(498, '::1', '2022-11-24 17:47:15'),
(499, '::1', '2022-11-24 17:47:17'),
(500, '::1', '2022-11-24 17:47:20'),
(501, '::1', '2022-11-24 17:47:34'),
(502, '::1', '2022-11-24 17:50:10'),
(503, '::1', '2022-11-24 17:50:14'),
(504, '::1', '2022-11-24 17:50:18'),
(505, '::1', '2022-11-24 17:50:25'),
(506, '::1', '2022-11-24 17:50:30'),
(507, '::1', '2022-11-24 17:50:51'),
(508, '::1', '2022-11-24 17:52:32'),
(509, '::1', '2022-11-24 17:52:42'),
(510, '::1', '2022-11-24 17:52:49'),
(511, '::1', '2022-11-24 17:52:54'),
(512, '::1', '2022-11-24 17:54:23'),
(513, '::1', '2022-11-24 17:54:28'),
(514, '::1', '2022-11-24 17:55:09'),
(515, '::1', '2022-11-24 18:01:09'),
(516, '::1', '2022-11-24 18:01:18'),
(517, '::1', '2022-11-24 18:01:58'),
(518, '::1', '2022-11-24 18:02:08'),
(519, '::1', '2022-11-24 18:03:56'),
(520, '::1', '2022-11-24 18:04:02'),
(521, '::1', '2022-11-24 18:06:03'),
(522, '::1', '2022-11-24 18:06:07'),
(523, '::1', '2022-11-24 18:37:39'),
(524, '::1', '2022-11-24 18:37:44'),
(525, '::1', '2022-11-24 18:37:48'),
(526, '::1', '2022-11-24 19:49:32'),
(527, '::1', '2022-11-24 19:49:41'),
(528, '::1', '2022-11-24 19:59:32'),
(529, '::1', '2022-11-24 19:59:38'),
(530, '::1', '2022-11-24 20:01:28'),
(531, '::1', '2022-11-24 20:01:36'),
(532, '::1', '2022-11-24 20:01:41'),
(533, '::1', '2022-11-24 20:01:45'),
(534, '::1', '2022-11-24 20:01:56'),
(535, '::1', '2022-11-24 20:02:39'),
(536, '::1', '2022-11-24 20:04:19'),
(537, '::1', '2022-11-24 20:08:44'),
(538, '::1', '2022-11-24 20:09:19'),
(539, '::1', '2022-11-24 20:11:04'),
(540, '::1', '2022-11-24 20:11:10'),
(541, '::1', '2022-11-24 20:11:56'),
(542, '::1', '2022-11-24 20:30:14'),
(543, '::1', '2022-11-24 20:30:41'),
(544, '::1', '2022-11-24 20:31:11'),
(545, '::1', '2022-11-24 20:31:17'),
(546, '::1', '2022-11-24 20:31:45'),
(547, '::1', '2022-11-24 20:31:48'),
(548, '::1', '2022-11-24 20:31:54'),
(549, '::1', '2022-11-24 20:32:12'),
(550, '::1', '2022-11-24 20:33:02'),
(551, '::1', '2022-11-24 20:33:46'),
(552, '::1', '2022-11-24 20:34:07'),
(553, '::1', '2022-11-24 20:34:56'),
(554, '::1', '2022-11-24 20:35:14'),
(555, '::1', '2022-11-24 20:36:41'),
(556, '::1', '2022-11-24 20:37:00'),
(557, '::1', '2022-11-24 20:37:09'),
(558, '::1', '2022-11-24 20:37:43'),
(559, '::1', '2022-11-24 20:37:52'),
(560, '::1', '2022-11-24 20:38:12'),
(561, '::1', '2022-11-24 20:38:33'),
(562, '::1', '2022-11-24 20:38:48'),
(563, '::1', '2022-11-24 20:39:08'),
(564, '::1', '2022-11-24 20:41:36'),
(565, '::1', '2022-11-24 20:41:57'),
(566, '::1', '2022-11-24 20:42:04'),
(567, '::1', '2022-11-24 20:42:45'),
(568, '::1', '2022-11-24 20:43:46'),
(569, '::1', '2022-11-24 20:43:56'),
(570, '::1', '2022-11-24 20:44:05'),
(571, '::1', '2022-11-24 20:44:41'),
(572, '::1', '2022-11-24 20:44:50'),
(573, '::1', '2022-11-24 20:44:58'),
(574, '::1', '2022-11-24 20:45:05'),
(575, '::1', '2022-11-24 20:46:28'),
(576, '::1', '2022-11-24 20:47:04'),
(577, '::1', '2022-11-24 20:47:15'),
(578, '::1', '2022-11-24 20:48:08'),
(579, '::1', '2022-11-24 20:48:24'),
(580, '::1', '2022-11-24 20:51:39'),
(581, '::1', '2022-11-24 20:53:35'),
(582, '::1', '2022-11-24 20:55:35'),
(583, '::1', '2022-11-24 20:55:52'),
(584, '::1', '2022-11-24 20:56:07'),
(585, '::1', '2022-11-24 20:56:20'),
(586, '::1', '2022-11-24 20:56:30'),
(587, '::1', '2022-11-24 20:56:50'),
(588, '::1', '2022-11-24 20:57:14'),
(589, '::1', '2022-11-24 20:57:28'),
(590, '::1', '2022-11-24 20:57:45'),
(591, '::1', '2022-11-24 20:57:54'),
(592, '::1', '2022-11-24 20:58:17'),
(593, '::1', '2022-11-24 20:58:25'),
(594, '::1', '2022-11-24 20:58:30'),
(595, '::1', '2022-11-24 20:58:56'),
(596, '::1', '2022-11-24 20:59:03'),
(597, '::1', '2022-11-24 20:59:11'),
(598, '::1', '2022-11-24 20:59:33'),
(599, '::1', '2022-11-24 21:00:07'),
(600, '::1', '2022-11-24 21:00:15'),
(601, '::1', '2022-11-24 21:00:35'),
(602, '::1', '2022-11-24 21:00:53'),
(603, '::1', '2022-11-24 21:01:10'),
(604, '::1', '2022-11-24 21:01:56'),
(605, '::1', '2022-11-24 21:02:12'),
(606, '::1', '2022-11-24 21:02:26'),
(607, '::1', '2022-11-24 21:02:41'),
(608, '::1', '2022-11-24 21:02:56'),
(609, '::1', '2022-11-24 21:03:14'),
(610, '::1', '2022-11-24 21:03:21'),
(611, '::1', '2022-11-24 21:03:28'),
(612, '::1', '2022-11-24 21:03:37'),
(613, '::1', '2022-11-24 21:03:45'),
(614, '::1', '2022-11-24 21:04:02'),
(615, '::1', '2022-11-24 21:04:18'),
(616, '::1', '2022-11-24 21:04:44'),
(617, '::1', '2022-11-24 21:05:00'),
(618, '::1', '2022-11-24 21:05:11'),
(619, '::1', '2022-11-24 21:05:47'),
(620, '::1', '2022-11-24 21:05:53'),
(621, '::1', '2022-11-24 21:05:56'),
(622, '::1', '2022-11-24 21:06:51'),
(623, '::1', '2022-11-24 21:07:34'),
(624, '::1', '2022-11-24 21:07:57'),
(625, '::1', '2022-11-24 21:08:36'),
(626, '::1', '2022-11-24 21:09:00'),
(627, '::1', '2022-11-24 21:09:23'),
(628, '::1', '2022-11-24 21:09:55'),
(629, '::1', '2022-11-24 21:42:03'),
(630, '::1', '2022-11-24 21:42:09'),
(631, '::1', '2022-11-24 21:43:20'),
(632, '::1', '2022-11-24 21:43:23'),
(633, '::1', '2022-11-24 21:47:52'),
(634, '::1', '2022-11-24 21:47:56'),
(635, '::1', '2022-11-24 21:48:03'),
(636, '::1', '2022-11-24 21:48:08'),
(637, '::1', '2022-11-24 21:48:14'),
(638, '::1', '2022-11-24 21:48:20'),
(639, '::1', '2022-11-24 21:48:29'),
(640, '::1', '2022-11-24 21:48:35'),
(641, '::1', '2022-11-24 21:49:31'),
(642, '::1', '2022-11-24 21:49:35'),
(643, '::1', '2022-11-24 21:49:39'),
(644, '::1', '2022-11-24 21:50:25'),
(645, '::1', '2022-11-24 21:50:50'),
(646, '::1', '2022-11-25 00:39:58'),
(647, '::1', '2022-11-25 00:41:00'),
(648, '::1', '2022-11-25 00:41:05'),
(649, '::1', '2022-11-25 00:44:55'),
(650, '::1', '2022-11-25 00:45:04'),
(651, '::1', '2022-11-25 00:45:48'),
(652, '::1', '2022-11-25 00:45:53'),
(653, '::1', '2022-11-25 00:58:57'),
(654, '::1', '2022-11-25 01:08:40'),
(655, '::1', '2022-11-25 01:11:53'),
(656, '::1', '2022-11-25 01:13:56'),
(657, '::1', '2022-11-25 01:14:23'),
(658, '::1', '2022-11-25 01:14:26'),
(659, '::1', '2022-11-25 01:14:48'),
(660, '::1', '2022-11-25 01:15:08'),
(661, '::1', '2022-11-25 01:20:20'),
(662, '::1', '2022-11-25 01:20:31'),
(663, '::1', '2022-11-25 01:20:35'),
(664, '::1', '2022-11-25 01:20:45'),
(665, '::1', '2022-11-25 01:21:05'),
(666, '::1', '2022-11-25 01:21:32'),
(667, '::1', '2022-11-25 01:24:47'),
(668, '::1', '2022-11-25 01:24:51'),
(669, '::1', '2022-11-25 01:24:53'),
(670, '::1', '2022-11-25 01:25:32'),
(671, '::1', '2022-11-25 01:26:15'),
(672, '::1', '2022-11-25 01:26:25'),
(673, '::1', '2022-11-25 01:26:28'),
(674, '::1', '2022-11-25 01:26:30'),
(675, '::1', '2022-11-25 01:26:47'),
(676, '::1', '2022-11-25 01:27:47'),
(677, '::1', '2022-11-25 01:29:24'),
(678, '::1', '2022-11-25 01:31:27'),
(679, '::1', '2022-11-25 01:31:38'),
(680, '::1', '2022-11-25 01:31:53'),
(681, '::1', '2022-11-25 01:32:02'),
(682, '::1', '2022-11-25 01:32:18'),
(683, '::1', '2022-11-25 01:32:39'),
(684, '::1', '2022-11-25 01:33:05'),
(685, '::1', '2022-11-25 01:33:12'),
(686, '::1', '2022-11-25 01:33:22'),
(687, '::1', '2022-11-25 01:33:32'),
(688, '::1', '2022-11-25 01:33:54'),
(689, '::1', '2022-11-25 01:34:16'),
(690, '::1', '2022-11-25 01:34:29'),
(691, '::1', '2022-11-25 01:35:03'),
(692, '::1', '2022-11-25 01:38:09'),
(693, '::1', '2022-11-25 02:04:07'),
(694, '::1', '2022-11-25 02:09:54'),
(695, '::1', '2022-11-25 02:34:25'),
(696, '::1', '2022-11-25 02:38:39'),
(697, '::1', '2022-11-25 02:55:16'),
(698, '::1', '2022-11-25 02:55:38'),
(699, '::1', '2022-11-25 03:28:20'),
(700, '::1', '2022-11-25 03:28:27'),
(701, '::1', '2022-11-25 03:28:53'),
(702, '::1', '2022-11-25 03:28:55'),
(703, '::1', '2022-11-25 03:46:06'),
(704, '::1', '2022-11-25 04:11:15'),
(705, '::1', '2022-11-25 04:18:06'),
(706, '::1', '2022-11-25 04:18:20'),
(707, '::1', '2022-11-25 04:19:53'),
(708, '::1', '2022-11-25 04:23:27'),
(709, '::1', '2022-11-25 04:27:55'),
(710, '::1', '2022-11-25 04:29:13'),
(711, '::1', '2022-11-25 04:31:46'),
(712, '::1', '2022-11-25 04:34:28'),
(713, '::1', '2022-11-25 04:37:33'),
(714, '::1', '2022-11-25 04:39:59'),
(715, '::1', '2022-11-25 04:40:48'),
(716, '::1', '2022-11-25 04:41:20'),
(717, '::1', '2022-11-25 04:41:46'),
(718, '::1', '2022-11-25 04:41:50'),
(719, '::1', '2022-11-25 05:08:20'),
(720, '::1', '2022-11-28 17:30:27'),
(721, '::1', '2022-11-28 17:41:04'),
(722, '::1', '2022-11-30 07:42:08'),
(723, '::1', '2022-11-30 07:42:14'),
(724, '::1', '2022-11-30 07:47:54'),
(725, '::1', '2022-11-30 07:55:45'),
(726, '::1', '2022-11-30 07:58:44'),
(727, '::1', '2022-11-30 08:19:51'),
(728, '::1', '2022-11-30 08:19:56'),
(729, '::1', '2022-11-30 08:20:03'),
(730, '::1', '2022-11-30 08:20:46'),
(731, '::1', '2022-11-30 08:20:58'),
(732, '::1', '2022-11-30 08:21:10'),
(733, '::1', '2022-11-30 08:48:31'),
(734, '::1', '2022-11-30 09:07:21'),
(735, '::1', '2022-11-30 09:07:26'),
(736, '::1', '2022-11-30 09:07:27'),
(737, '::1', '2022-11-30 09:07:50'),
(738, '::1', '2022-11-30 09:09:38'),
(739, '::1', '2022-11-30 09:09:42'),
(740, '::1', '2022-11-30 09:23:00'),
(741, '::1', '2022-11-30 09:24:12'),
(742, '::1', '2022-11-30 09:24:24'),
(743, '::1', '2022-11-30 09:35:18'),
(744, '::1', '2022-11-30 09:35:20'),
(745, '::1', '2022-11-30 09:43:07'),
(746, '::1', '2022-11-30 09:43:09'),
(747, '::1', '2022-11-30 09:43:19'),
(748, '::1', '2022-11-30 09:43:49'),
(749, '::1', '2022-11-30 09:44:04'),
(750, '::1', '2022-11-30 09:45:17'),
(751, '::1', '2022-11-30 09:47:38'),
(752, '::1', '2022-11-30 10:10:36'),
(753, '::1', '2022-11-30 10:10:38'),
(754, '::1', '2022-11-30 10:12:38'),
(755, '::1', '2022-11-30 10:12:40'),
(756, '::1', '2022-11-30 10:15:42'),
(757, '::1', '2022-11-30 10:18:15'),
(758, '::1', '2022-11-30 10:21:14'),
(759, '::1', '2022-11-30 10:21:20'),
(760, '::1', '2022-11-30 10:28:22'),
(761, '::1', '2022-11-30 10:28:34'),
(762, '::1', '2022-11-30 10:28:40'),
(763, '::1', '2022-11-30 10:30:14'),
(764, '::1', '2022-11-30 10:30:21'),
(765, '::1', '2022-11-30 10:30:25'),
(766, '::1', '2022-11-30 10:30:36'),
(767, '::1', '2022-11-30 10:31:59'),
(768, '::1', '2022-11-30 10:32:05'),
(769, '::1', '2022-11-30 10:32:12'),
(770, '::1', '2022-11-30 10:32:17'),
(771, '::1', '2022-11-30 10:32:22'),
(772, '::1', '2022-11-30 10:32:30'),
(773, '::1', '2022-11-30 10:32:45'),
(774, '::1', '2022-11-30 10:32:53'),
(775, '::1', '2022-11-30 10:33:02'),
(776, '::1', '2022-11-30 10:33:06'),
(777, '::1', '2022-11-30 10:33:11'),
(778, '::1', '2022-11-30 10:33:34'),
(779, '::1', '2022-11-30 10:34:20'),
(780, '::1', '2022-11-30 10:34:25'),
(781, '::1', '2022-11-30 10:37:54'),
(782, '::1', '2022-11-30 10:52:04'),
(783, '::1', '2022-11-30 10:52:31'),
(784, '::1', '2022-11-30 10:52:36'),
(785, '::1', '2022-11-30 10:54:51'),
(786, '::1', '2022-11-30 10:54:56'),
(787, '::1', '2022-11-30 10:54:59'),
(788, '::1', '2022-11-30 10:55:05'),
(789, '::1', '2022-11-30 10:55:07'),
(790, '::1', '2022-11-30 10:55:15'),
(791, '::1', '2022-11-30 10:55:24'),
(792, '::1', '2022-11-30 10:55:27'),
(793, '::1', '2022-11-30 10:56:55'),
(794, '::1', '2022-11-30 10:58:43'),
(795, '::1', '2022-11-30 11:00:51'),
(796, '::1', '2022-11-30 11:01:16'),
(797, '::1', '2022-11-30 11:04:27'),
(798, '::1', '2022-11-30 11:05:15'),
(799, '::1', '2022-11-30 11:05:41'),
(800, '::1', '2022-11-30 11:10:14'),
(801, '::1', '2022-11-30 11:11:00'),
(802, '::1', '2022-11-30 11:12:14'),
(803, '::1', '2022-11-30 11:12:51'),
(804, '::1', '2022-11-30 11:14:12'),
(805, '::1', '2022-11-30 11:22:37'),
(806, '::1', '2022-11-30 11:23:35'),
(807, '::1', '2022-11-30 11:24:40'),
(808, '::1', '2022-11-30 11:25:23'),
(809, '::1', '2022-11-30 11:25:59'),
(810, '::1', '2022-11-30 11:26:24'),
(811, '::1', '2022-11-30 11:26:45'),
(812, '::1', '2022-11-30 11:26:55'),
(813, '::1', '2022-11-30 11:27:19'),
(814, '::1', '2022-11-30 11:27:59'),
(815, '::1', '2022-11-30 11:28:07'),
(816, '::1', '2022-11-30 11:30:57'),
(817, '::1', '2022-11-30 11:31:02'),
(818, '::1', '2022-11-30 11:31:13'),
(819, '::1', '2022-11-30 11:31:21'),
(820, '::1', '2022-11-30 11:33:21'),
(821, '::1', '2022-11-30 11:33:30'),
(822, '::1', '2022-11-30 11:33:32'),
(823, '::1', '2022-11-30 11:33:36'),
(824, '::1', '2022-11-30 11:34:52'),
(825, '::1', '2022-11-30 11:34:57'),
(826, '::1', '2022-11-30 11:35:11'),
(827, '::1', '2022-11-30 11:35:17'),
(828, '::1', '2022-11-30 11:35:22'),
(829, '::1', '2022-11-30 11:35:26'),
(830, '::1', '2022-11-30 11:35:34'),
(831, '::1', '2022-11-30 11:35:43'),
(832, '::1', '2022-11-30 11:37:17'),
(833, '::1', '2022-11-30 11:37:39'),
(834, '::1', '2022-11-30 11:37:43'),
(835, '::1', '2022-11-30 11:38:13'),
(836, '::1', '2022-11-30 11:38:20'),
(837, '::1', '2022-11-30 11:38:24'),
(838, '::1', '2022-11-30 11:38:29'),
(839, '::1', '2022-11-30 11:39:20'),
(840, '::1', '2022-12-01 16:16:51'),
(841, '::1', '2022-12-01 16:16:55'),
(842, '::1', '2022-12-01 16:17:01'),
(843, '::1', '2022-12-01 16:17:17'),
(844, '::1', '2022-12-01 16:17:25'),
(845, '::1', '2022-12-01 16:18:08'),
(846, '::1', '2022-12-01 16:20:20'),
(847, '::1', '2022-12-01 16:20:24'),
(848, '::1', '2022-12-01 16:20:34'),
(849, '::1', '2022-12-01 16:20:39'),
(850, '::1', '2022-12-01 16:20:48'),
(851, '::1', '2022-12-01 16:21:35'),
(852, '::1', '2022-12-01 16:22:07'),
(853, '::1', '2022-12-01 16:22:11'),
(854, '::1', '2022-12-01 16:25:18'),
(855, '::1', '2022-12-01 16:27:42'),
(856, '::1', '2022-12-01 16:29:24'),
(857, '::1', '2022-12-01 16:33:48'),
(858, '::1', '2022-12-01 16:52:24'),
(859, '::1', '2022-12-01 16:58:58'),
(860, '::1', '2022-12-01 16:59:34'),
(861, '::1', '2022-12-01 16:59:37'),
(862, '::1', '2022-12-01 16:59:40'),
(863, '::1', '2022-12-01 16:59:46'),
(864, '::1', '2022-12-01 17:07:00'),
(865, '::1', '2022-12-01 17:07:37'),
(866, '::1', '2022-12-01 17:07:38'),
(867, '::1', '2022-12-01 17:07:41'),
(868, '::1', '2022-12-01 17:07:44'),
(869, '::1', '2022-12-01 17:07:50'),
(870, '::1', '2022-12-01 17:08:00'),
(871, '::1', '2022-12-01 17:08:02'),
(872, '::1', '2022-12-01 17:08:07'),
(873, '::1', '2022-12-01 17:08:32'),
(874, '::1', '2022-12-01 17:08:37'),
(875, '::1', '2022-12-01 17:08:41'),
(876, '::1', '2022-12-01 17:08:50'),
(877, '::1', '2022-12-01 17:08:50'),
(878, '::1', '2022-12-01 17:08:54'),
(879, '::1', '2022-12-01 17:08:58'),
(880, '::1', '2022-12-01 17:09:17'),
(881, '::1', '2022-12-01 17:09:19'),
(882, '::1', '2022-12-01 17:09:22'),
(883, '::1', '2022-12-01 17:09:25'),
(884, '::1', '2022-12-01 17:09:31'),
(885, '::1', '2022-12-01 17:10:18'),
(886, '::1', '2022-12-01 17:10:23'),
(887, '::1', '2022-12-01 17:10:25'),
(888, '::1', '2022-12-01 17:10:28'),
(889, '::1', '2022-12-01 17:10:28'),
(890, '::1', '2022-12-01 17:10:28'),
(891, '::1', '2022-12-01 17:10:28'),
(892, '::1', '2022-12-01 17:10:29'),
(893, '::1', '2022-12-01 17:10:29'),
(894, '::1', '2022-12-01 17:10:29'),
(895, '::1', '2022-12-01 17:10:29'),
(896, '::1', '2022-12-01 17:10:29'),
(897, '::1', '2022-12-01 17:10:30'),
(898, '::1', '2022-12-01 17:10:32'),
(899, '::1', '2022-12-01 17:10:36'),
(900, '::1', '2022-12-01 17:11:59'),
(901, '::1', '2022-12-01 17:12:14'),
(902, '::1', '2022-12-01 17:12:18'),
(903, '::1', '2022-12-01 17:12:23'),
(904, '::1', '2022-12-01 17:14:13'),
(905, '::1', '2022-12-01 17:14:24'),
(906, '::1', '2022-12-01 17:14:27'),
(907, '::1', '2022-12-01 17:14:31'),
(908, '::1', '2022-12-01 17:14:34'),
(909, '::1', '2022-12-01 17:14:41'),
(910, '::1', '2022-12-01 17:16:12'),
(911, '::1', '2022-12-01 17:16:15'),
(912, '::1', '2022-12-01 17:16:18'),
(913, '::1', '2022-12-01 17:16:21'),
(914, '::1', '2022-12-01 17:16:26'),
(915, '::1', '2022-12-01 17:16:31'),
(916, '::1', '2022-12-01 17:16:33'),
(917, '::1', '2022-12-01 17:16:37'),
(918, '::1', '2022-12-01 17:16:52'),
(919, '::1', '2022-12-01 17:16:56'),
(920, '::1', '2022-12-01 17:17:07'),
(921, '::1', '2022-12-01 17:17:10'),
(922, '::1', '2022-12-01 17:17:17'),
(923, '::1', '2022-12-01 17:17:20'),
(924, '::1', '2022-12-01 17:17:35'),
(925, '::1', '2022-12-01 17:17:38'),
(926, '::1', '2022-12-01 17:17:47'),
(927, '::1', '2022-12-01 17:17:49'),
(928, '::1', '2022-12-01 17:17:52'),
(929, '::1', '2022-12-01 17:18:02'),
(930, '::1', '2022-12-01 17:21:07'),
(931, '::1', '2022-12-01 17:25:45'),
(932, '::1', '2022-12-01 17:25:46'),
(933, '::1', '2022-12-01 17:30:30'),
(934, '::1', '2022-12-01 17:44:16'),
(935, '::1', '2022-12-01 17:45:22'),
(936, '::1', '2022-12-01 17:46:34'),
(937, '::1', '2022-12-01 17:48:47'),
(938, '::1', '2022-12-01 17:48:52'),
(939, '::1', '2022-12-01 17:48:57'),
(940, '::1', '2022-12-01 17:49:04'),
(941, '::1', '2022-12-01 17:49:07'),
(942, '::1', '2022-12-01 17:49:55'),
(943, '::1', '2022-12-01 17:50:27'),
(944, '::1', '2022-12-01 17:50:30'),
(945, '::1', '2022-12-01 17:51:35'),
(946, '::1', '2022-12-01 17:51:40'),
(947, '::1', '2022-12-01 17:51:47'),
(948, '::1', '2022-12-01 17:52:21'),
(949, '::1', '2022-12-01 17:52:25'),
(950, '::1', '2022-12-01 17:52:28'),
(951, '::1', '2022-12-01 17:52:31'),
(952, '::1', '2022-12-01 17:52:46'),
(953, '::1', '2022-12-01 17:52:50'),
(954, '::1', '2022-12-01 17:54:53'),
(955, '::1', '2022-12-01 17:54:57'),
(956, '::1', '2022-12-01 17:55:32'),
(957, '::1', '2022-12-01 17:55:35'),
(958, '::1', '2022-12-01 17:55:37'),
(959, '::1', '2022-12-01 17:55:40'),
(960, '::1', '2022-12-01 17:56:15'),
(961, '::1', '2022-12-01 17:56:17'),
(962, '::1', '2022-12-01 18:06:49'),
(963, '::1', '2022-12-01 18:09:38'),
(964, '::1', '2022-12-01 18:29:21'),
(965, '::1', '2022-12-01 18:30:20'),
(966, '::1', '2022-12-01 18:30:21'),
(967, '::1', '2022-12-01 18:30:24'),
(968, '::1', '2022-12-01 18:30:27'),
(969, '::1', '2022-12-01 18:38:39'),
(970, '::1', '2022-12-01 18:41:45'),
(971, '::1', '2022-12-01 18:43:35'),
(972, '::1', '2022-12-01 18:52:27'),
(973, '::1', '2022-12-01 18:57:29'),
(974, '::1', '2022-12-01 18:58:25'),
(975, '::1', '2022-12-01 19:03:32'),
(976, '::1', '2022-12-01 19:42:49'),
(977, '::1', '2022-12-01 19:48:14'),
(978, '::1', '2022-12-01 19:49:42'),
(979, '::1', '2022-12-01 20:11:05'),
(980, '::1', '2022-12-01 20:19:32'),
(981, '::1', '2022-12-01 20:19:38'),
(982, '::1', '2022-12-01 20:25:35'),
(983, '::1', '2022-12-01 20:26:53');

-- --------------------------------------------------------

--
-- Estructura de tabla para la tabla `detallespedidos`
--

CREATE TABLE `detallespedidos` (
  `iddetallespedidos` int(11) NOT NULL,
  `cantidad` int(11) DEFAULT NULL,
  `saldo` decimal(19,7) DEFAULT NULL,
  `idpedidos` int(11) NOT NULL,
  `idlibros` int(11) NOT NULL
) ENGINE=InnoDB DEFAULT CHARSET=utf8;

-- --------------------------------------------------------

--
-- Estructura de tabla para la tabla `detalles_boletas`
--

CREATE TABLE `detalles_boletas` (
  `iddetalles_boletas` int(11) NOT NULL,
  `cantidad` int(11) DEFAULT NULL,
  `precio_unitario` decimal(19,7) DEFAULT NULL,
  `subtotal` decimal(19,7) DEFAULT NULL,
  `idboletas` int(11) NOT NULL,
  `idlibros` int(11) NOT NULL
) ENGINE=InnoDB DEFAULT CHARSET=utf8;

--
-- Volcado de datos para la tabla `detalles_boletas`
--

INSERT INTO `detalles_boletas` (`iddetalles_boletas`, `cantidad`, `precio_unitario`, `subtotal`, `idboletas`, `idlibros`) VALUES
(1, 1, '12.0000000', '12.0000000', 1, 3),
(2, 1, '12.0000000', '12.0000000', 2, 3),
(3, 1, '50.0000000', '50.0000000', 3, 2),
(4, 1, '15.0000000', '15.0000000', 3, 4),
(5, 1, '12.0000000', '12.0000000', 4, 3),
(6, 1, '12.0000000', '12.0000000', 5, 3),
(7, 3, '25.0000000', '75.0000000', 6, 1),
(8, 1, '12.0000000', '12.0000000', 6, 3),
(9, 1, '12.0000000', '12.0000000', 7, 3),
(10, 1, '50.0000000', '50.0000000', 8, 2),
(11, 1, '12.0000000', '12.0000000', 9, 3),
(12, 1, '15.0000000', '15.0000000', 10, 4),
(13, 1, '12.0000000', '12.0000000', 11, 3),
(14, 1, '12.0000000', '12.0000000', 12, 3),
(15, 1, '25.0000000', '25.0000000', 13, 1),
(16, 1, '50.0000000', '50.0000000', 13, 2),
(17, 2, '12.0000000', '24.0000000', 13, 3),
(18, 1, '12.0000000', '12.0000000', 14, 3),
(19, 1, '12.0000000', '12.0000000', 15, 3),
(20, 1, '12.0000000', '12.0000000', 16, 3),
(21, 1, '12.0000000', '12.0000000', 17, 3),
(22, 1, '15.0000000', '15.0000000', 17, 4),
(23, 1, '12.0000000', '12.0000000', 18, 3),
(24, 2, '12.0000000', '24.0000000', 19, 3),
(25, 1, '123.0000000', '123.0000000', 20, 6),
(26, 1, '50.0000000', '50.0000000', 21, 2),
(27, 1, '12.0000000', '12.0000000', 22, 5),
(28, 1, '123.0000000', '123.0000000', 23, 6),
(29, 1, '25.0000000', '25.0000000', 24, 1),
(30, 1, '15.0000000', '15.0000000', 25, 4),
(31, 1, '123.0000000', '123.0000000', 26, 6),
(32, 1, '12.0000000', '12.0000000', 27, 3),
(33, 1, '123.0000000', '123.0000000', 27, 6),
(34, 1, '15.0000000', '15.0000000', 28, 4),
(35, 1, '50.0000000', '50.0000000', 29, 2),
(36, 1, '12.0000000', '12.0000000', 30, 5),
(37, 1, '50.0000000', '50.0000000', 31, 2),
(38, 1, '15.0000000', '15.0000000', 32, 4),
(39, 1, '123.0000000', '123.0000000', 33, 6),
(40, 1, '12.0000000', '12.0000000', 34, 3),
(41, 1, '123.0000000', '123.0000000', 35, 6),
(42, 1, '25.0000000', '25.0000000', 36, 1),
(43, 1, '25.0000000', '25.0000000', 37, 1),
(44, 1, '12.0000000', '12.0000000', 38, 5),
(45, 1, '25.0000000', '25.0000000', 39, 1),
(46, 1, '50.0000000', '50.0000000', 39, 2),
(47, 1, '15.0000000', '15.0000000', 39, 4),
(48, 1, '12.0000000', '12.0000000', 39, 5),
(49, 1, '123.0000000', '123.0000000', 39, 6),
(50, 1, '12.0000000', '12.0000000', 40, 5),
(51, 1, '123.0000000', '123.0000000', 40, 6),
(52, 1, '25.0000000', '25.0000000', 41, 1),
(53, 1, '50.0000000', '50.0000000', 41, 2),
(54, 1, '25.0000000', '25.0000000', 42, 1),
(55, 1, '50.0000000', '50.0000000', 42, 2),
(56, 1, '15.0000000', '15.0000000', 42, 4),
(57, 1, '50.0000000', '50.0000000', 43, 2),
(58, 2, '12.0000000', '24.0000000', 44, 3),
(59, 1, '15.0000000', '15.0000000', 44, 4),
(60, 1, '12.0000000', '12.0000000', 45, 3),
(61, 1, '12.0000000', '12.0000000', 46, 3),
(62, 1, '25.0000000', '25.0000000', 47, 1),
(63, 1, '15.0000000', '15.0000000', 47, 4),
(64, 1, '12.0000000', '12.0000000', 48, 3),
(65, 1, '123.0000000', '123.0000000', 49, 6),
(66, 1, '25.0000000', '25.0000000', 50, 1),
(67, 1, '12.0000000', '12.0000000', 51, 3),
(68, 2, '12.0000000', '24.0000000', 52, 3),
(69, 2, '25.0000000', '50.0000000', 53, 1),
(70, 3, '12.0000000', '36.0000000', 53, 3);

--
-- Disparadores `detalles_boletas`
--
DELIMITER $$
CREATE TRIGGER `SetNroBoleta` BEFORE INSERT ON `detalles_boletas` FOR EACH ROW begin
	set new.idboletas = GetNroBoletaMax();
 end
$$
DELIMITER ;

-- --------------------------------------------------------

--
-- Estructura de tabla para la tabla `editlibro`
--

CREATE TABLE `editlibro` (
  `ideditoriales` int(11) NOT NULL,
  `idlibros` int(11) NOT NULL
) ENGINE=InnoDB DEFAULT CHARSET=utf8;

--
-- Volcado de datos para la tabla `editlibro`
--

INSERT INTO `editlibro` (`ideditoriales`, `idlibros`) VALUES
(1, 1);

-- --------------------------------------------------------

--
-- Estructura de tabla para la tabla `editoriales`
--

CREATE TABLE `editoriales` (
  `ideditoriales` int(11) NOT NULL,
  `editoriales` varchar(80) DEFAULT NULL
) ENGINE=InnoDB DEFAULT CHARSET=utf8;

--
-- Volcado de datos para la tabla `editoriales`
--

INSERT INTO `editoriales` (`ideditoriales`, `editoriales`) VALUES
(1, 'Universo'),
(2, 'Toribio Anyarin Injante'),
(3, 'Impacto Culltural'),
(4, 'Lexus'),
(5, 'Navarrete');

-- --------------------------------------------------------

--
-- Estructura de tabla para la tabla `estadopedido`
--

CREATE TABLE `estadopedido` (
  `idestadopedido` int(11) NOT NULL,
  `estadoped` varchar(45) DEFAULT NULL,
  `fechaactualizacion` date DEFAULT NULL
) ENGINE=InnoDB DEFAULT CHARSET=utf8;

--
-- Volcado de datos para la tabla `estadopedido`
--

INSERT INTO `estadopedido` (`idestadopedido`, `estadoped`, `fechaactualizacion`) VALUES
(1, 'En proceso', '0000-00-00'),
(2, 'Enviado', '0000-00-00'),
(3, 'Recibido', '0000-00-00'),
(4, 'Extravíado', '0000-00-00');

-- --------------------------------------------------------

--
-- Estructura de tabla para la tabla `generos`
--

CREATE TABLE `generos` (
  `idgeneros` int(11) NOT NULL,
  `generos` varchar(45) DEFAULT NULL
) ENGINE=InnoDB DEFAULT CHARSET=utf8;

--
-- Volcado de datos para la tabla `generos`
--

INSERT INTO `generos` (`idgeneros`, `generos`) VALUES
(1, 'Autobiografía'),
(2, 'Aventura'),
(3, 'Terror'),
(4, 'Suspenso'),
(5, 'Romances'),
(6, 'Historia'),
(7, 'Comics'),
(8, 'Poemas');

-- --------------------------------------------------------

--
-- Estructura Stand-in para la vista `graf_librosxgeneros`
-- (Véase abajo para la vista actual)
--
CREATE TABLE `graf_librosxgeneros` (
`fila` varchar(45)
,`columna` bigint(21)
);

-- --------------------------------------------------------

--
-- Estructura de tabla para la tabla `imagenes_producto`
--

CREATE TABLE `imagenes_producto` (
  `idimagen` int(11) NOT NULL,
  `url` varchar(50) DEFAULT NULL,
  `nombre` varchar(250) DEFAULT NULL,
  `idlibros` int(11) NOT NULL
) ENGINE=InnoDB DEFAULT CHARSET=utf8;

--
-- Volcado de datos para la tabla `imagenes_producto`
--

INSERT INTO `imagenes_producto` (`idimagen`, `url`, `nombre`, `idlibros`) VALUES
(1, 'CaballeroCarmelo.jpg', 'Primera Imagen', 1),
(2, 'laciudad.jpg', 'Primera imagen', 2),
(3, 'elbagre.jpg', 'Primera imagen', 3),
(4, 'tierra.jpg', 'Primera imagen', 4),
(5, 'heraldos.jpg', 'Primera imagen', 5),
(6, 'RomeoyJulieta.png', 'Primera imagen', 6);

-- --------------------------------------------------------

--
-- Estructura de tabla para la tabla `libros`
--

CREATE TABLE `libros` (
  `idlibros` int(11) NOT NULL,
  `titulo` varchar(100) DEFAULT NULL,
  `descripcion` varchar(1000) DEFAULT NULL,
  `precio_unitario` decimal(19,7) DEFAULT NULL,
  `añopublicacion` year(4) DEFAULT NULL,
  `stock` int(11) NOT NULL,
  `idgeneros` int(11) NOT NULL
) ENGINE=InnoDB DEFAULT CHARSET=utf8;

--
-- Volcado de datos para la tabla `libros`
--

INSERT INTO `libros` (`idlibros`, `titulo`, `descripcion`, `precio_unitario`, `añopublicacion`, `stock`, `idgeneros`) VALUES
(1, 'El caballero Carmelo', '                El caballero Carmelo es un cuento del escritor peruano Abraham Valdelomar, considerado por la crítica como lo mejor de toda su creación ficticia y uno de los cuentos más perfectos de la literatura peruana. Publicado el 13 de noviembre de 1913 en el diario La Nación de Lima, encabeza el conjunto de los cuentos denominados «criollos» o «criollistas», ambientadas durante la niñez del autor transcurrida en Pisco, una ciudad de la costa peruana, en medio del desierto.                ', '25.0000000', 1913, 25, 2),
(2, 'La ciudad y los perros', '                                La ciudad y los perros es la primera novela del escritor peruano Mario Vargas Llosa. Ganadora del Pr                                ', '50.0000000', 1964, 30, 4),
(3, 'El bagrecico', 'El bagrecico es uno de los cuentos más entrañables de la literatura infantil peruana. Ambientado en la Amazonía, este relato narra las aventuras de un joven bagre que conoce por primera vez el mar.', '12.0000000', 2010, 30, 2),
(4, 'La tierra', 'la tierra', '15.0000000', 2021, 10, 1),
(5, 'Los heraldos negros', '                nigga                ', '12.0000000', 0000, 12, 1),
(6, 'Romeo y Julieta', 'gfhghfgh', '123.0000000', 0000, 10, 2),
(7, 'gdfgdf', 'dfgfg', '15.0000000', 2019, 12, 7);

--
-- Disparadores `libros`
--
DELIMITER $$
CREATE TRIGGER `NuevoLibro` BEFORE INSERT ON `libros` FOR EACH ROW begin
	set new.idlibros=NuevoIdLibro();
 end
$$
DELIMITER ;

-- --------------------------------------------------------

--
-- Estructura de tabla para la tabla `pedidos`
--

CREATE TABLE `pedidos` (
  `idpedidos` int(11) NOT NULL,
  `fechapedido` date DEFAULT NULL,
  `fechaenvio` varchar(45) DEFAULT NULL,
  `idclientes` int(11) NOT NULL,
  `idestadopedido` int(11) NOT NULL
) ENGINE=InnoDB DEFAULT CHARSET=utf8;

-- --------------------------------------------------------

--
-- Estructura de tabla para la tabla `perfiles`
--

CREATE TABLE `perfiles` (
  `idperfil` int(11) NOT NULL,
  `perfil` varchar(25) CHARACTER SET latin1 DEFAULT NULL
) ENGINE=InnoDB DEFAULT CHARSET=utf8;

--
-- Volcado de datos para la tabla `perfiles`
--

INSERT INTO `perfiles` (`idperfil`, `perfil`) VALUES
(1, 'Administrador'),
(2, 'Cliente'),
(3, 'Visitante');

-- --------------------------------------------------------

--
-- Estructura Stand-in para la vista `stocklibros`
-- (Véase abajo para la vista actual)
--
CREATE TABLE `stocklibros` (
`fila` varchar(100)
,`columna` int(11)
);

-- --------------------------------------------------------

--
-- Estructura de tabla para la tabla `tipos_clientes`
--

CREATE TABLE `tipos_clientes` (
  `idtipos_clientes` int(11) NOT NULL,
  `tipocliente` varchar(45) DEFAULT NULL
) ENGINE=InnoDB DEFAULT CHARSET=utf8;

--
-- Volcado de datos para la tabla `tipos_clientes`
--

INSERT INTO `tipos_clientes` (`idtipos_clientes`, `tipocliente`) VALUES
(1, 'Persona Natural'),
(2, 'Persona Jurídica');

-- --------------------------------------------------------

--
-- Estructura Stand-in para la vista `totalrecaudado`
-- (Véase abajo para la vista actual)
--
CREATE TABLE `totalrecaudado` (
`totalrecaudado` decimal(41,7)
);

-- --------------------------------------------------------

--
-- Estructura de tabla para la tabla `usuarios`
--

CREATE TABLE `usuarios` (
  `idusuario` int(11) NOT NULL,
  `nombre` varchar(50) CHARACTER SET latin1 DEFAULT NULL,
  `apellido` varchar(50) NOT NULL,
  `direccion` varchar(100) NOT NULL,
  `dni` varchar(12) NOT NULL,
  `email` varchar(80) CHARACTER SET latin1 NOT NULL,
  `telefono` varchar(15) CHARACTER SET latin1 NOT NULL,
  `login` varchar(15) CHARACTER SET latin1 DEFAULT NULL,
  `pasword` varchar(100) CHARACTER SET latin1 DEFAULT NULL,
  `fechaalta` datetime DEFAULT NULL,
  `estado` int(11) DEFAULT NULL,
  `idperfil` int(11) NOT NULL
) ENGINE=InnoDB DEFAULT CHARSET=utf8;

--
-- Volcado de datos para la tabla `usuarios`
--

INSERT INTO `usuarios` (`idusuario`, `nombre`, `apellido`, `direccion`, `dni`, `email`, `telefono`, `login`, `pasword`, `fechaalta`, `estado`, `idperfil`) VALUES
(1, 'Fenix', '', '', '', '', '', 'Pollo de fuego', '986736914', '2022-10-20 16:18:02', 1, 1),
(3, 'Khair Nezareth ', 'Choccata Pino', 'Asoc el Paraíso Distrito San Antonio', '12345678', 'choccata@gmail.com', '948828001', 'Khair', '123456', '2022-11-08 16:41:53', NULL, 2),
(4, 'Daymer ', 'Santos', 'en el siglo', '12345678', 'daymer@gmail.com', '987654321', 'Daymer', '123456', '2022-11-17 18:18:57', NULL, 2);

-- --------------------------------------------------------

--
-- Estructura Stand-in para la vista `visitas`
-- (Véase abajo para la vista actual)
--
CREATE TABLE `visitas` (
`total` bigint(21)
);

-- --------------------------------------------------------

--
-- Estructura Stand-in para la vista `v_autorlibro`
-- (Véase abajo para la vista actual)
--
CREATE TABLE `v_autorlibro` (
`idautores` int(11)
,`idlibros` int(11)
,`fullnombres` varchar(100)
,`titulo` varchar(100)
);

-- --------------------------------------------------------

--
-- Estructura Stand-in para la vista `v_boletas`
-- (Véase abajo para la vista actual)
--
CREATE TABLE `v_boletas` (
`idboletas` int(11)
,`numero` varchar(15)
,`fecha` timestamp
,`total` decimal(19,7)
,`enLetras` varchar(512)
,`idclientes` int(11)
,`cantidad` int(11)
,`precio_unitario` decimal(19,7)
,`subtotal` decimal(19,7)
,`idlibros` int(11)
,`nombreprod` varchar(100)
,`descripcion` varchar(1000)
,`idgeneros` int(11)
,`generos` varchar(45)
,`nombrecli` varchar(50)
,`apellidocli` varchar(50)
,`direccion` varchar(100)
,`email` varchar(80)
,`dni` varchar(12)
,`telefono` varchar(15)
);

-- --------------------------------------------------------

--
-- Estructura Stand-in para la vista `v_cantboletas`
-- (Véase abajo para la vista actual)
--
CREATE TABLE `v_cantboletas` (
`cantidad` bigint(21)
);

-- --------------------------------------------------------

--
-- Estructura Stand-in para la vista `v_cantclientes`
-- (Véase abajo para la vista actual)
--
CREATE TABLE `v_cantclientes` (
`cantidad` bigint(21)
);

-- --------------------------------------------------------

--
-- Estructura Stand-in para la vista `v_cantclientes1`
-- (Véase abajo para la vista actual)
--
CREATE TABLE `v_cantclientes1` (
`cantidad` bigint(21)
);

-- --------------------------------------------------------

--
-- Estructura Stand-in para la vista `v_clientes`
-- (Véase abajo para la vista actual)
--
CREATE TABLE `v_clientes` (
`idclientes` int(11)
,`nombre` varchar(50)
,`apellido` varchar(50)
,`direccion` varchar(100)
,`dni` varchar(12)
,`email` varchar(80)
,`telefono` varchar(15)
,`login` varchar(15)
,`pasword` varchar(100)
,`idperfil` int(11)
,`perfil` varchar(25)
,`url` varchar(50)
);

-- --------------------------------------------------------

--
-- Estructura Stand-in para la vista `v_libros`
-- (Véase abajo para la vista actual)
--
CREATE TABLE `v_libros` (
`idlibros` int(11)
,`titulo` varchar(100)
,`descripcion` varchar(1000)
,`precio_unitario` decimal(19,7)
,`añopublicacion` year(4)
,`stock` int(11)
,`idgeneros` int(11)
,`generos` varchar(45)
);

-- --------------------------------------------------------

--
-- Estructura Stand-in para la vista `v_libros01`
-- (Véase abajo para la vista actual)
--
CREATE TABLE `v_libros01` (
`idlibros` int(11)
,`titulo` varchar(100)
,`descripcion` varchar(1000)
,`precio_unitario` decimal(19,7)
,`añopublicacion` year(4)
,`stock` int(11)
,`idgeneros` int(11)
,`generos` varchar(45)
,`url` varchar(50)
);

-- --------------------------------------------------------

--
-- Estructura Stand-in para la vista `v_libros02`
-- (Véase abajo para la vista actual)
--
CREATE TABLE `v_libros02` (
`idlibros` int(11)
,`titulo` varchar(100)
,`descripcion` varchar(1000)
,`precio_unitario` decimal(19,7)
,`añopublicacion` year(4)
,`stock` int(11)
,`idgeneros` int(11)
,`generos` varchar(45)
,`ideditoriales` int(11)
,`editoriales` varchar(80)
,`idautores` int(11)
,`fullnombres` varchar(100)
,`url` varchar(50)
);

-- --------------------------------------------------------

--
-- Estructura para la vista `graf_librosxgeneros`
--
DROP TABLE IF EXISTS `graf_librosxgeneros`;

CREATE ALGORITHM=UNDEFINED DEFINER=`root`@`localhost` SQL SECURITY DEFINER VIEW `graf_librosxgeneros`  AS SELECT `generos`.`generos` AS `fila`, count(`libros`.`idlibros`) AS `columna` FROM (`generos` join `libros` on(`generos`.`idgeneros` = `libros`.`idgeneros`)) GROUP BY `generos`.`generos` ;

-- --------------------------------------------------------

--
-- Estructura para la vista `stocklibros`
--
DROP TABLE IF EXISTS `stocklibros`;

CREATE ALGORITHM=UNDEFINED DEFINER=`root`@`localhost` SQL SECURITY DEFINER VIEW `stocklibros`  AS SELECT `libros`.`titulo` AS `fila`, `libros`.`stock` AS `columna` FROM `libros` WHERE `libros`.`stock` < 25 ;

-- --------------------------------------------------------

--
-- Estructura para la vista `totalrecaudado`
--
DROP TABLE IF EXISTS `totalrecaudado`;

CREATE ALGORITHM=UNDEFINED DEFINER=`root`@`localhost` SQL SECURITY DEFINER VIEW `totalrecaudado`  AS SELECT sum(`boletas`.`total`) AS `totalrecaudado` FROM `boletas` ;

-- --------------------------------------------------------

--
-- Estructura para la vista `visitas`
--
DROP TABLE IF EXISTS `visitas`;

CREATE ALGORITHM=UNDEFINED DEFINER=`root`@`localhost` SQL SECURITY DEFINER VIEW `visitas`  AS SELECT count(`contador`.`id`) AS `total` FROM `contador` ;

-- --------------------------------------------------------

--
-- Estructura para la vista `v_autorlibro`
--
DROP TABLE IF EXISTS `v_autorlibro`;

CREATE ALGORITHM=UNDEFINED DEFINER=`root`@`localhost` SQL SECURITY DEFINER VIEW `v_autorlibro`  AS SELECT `autorlibro`.`idautores` AS `idautores`, `autorlibro`.`idlibros` AS `idlibros`, `autores`.`fullnombres` AS `fullnombres`, `libros`.`titulo` AS `titulo` FROM ((`autorlibro` join `autores` on(`autorlibro`.`idautores` = `autores`.`idautores`)) join `libros` on(`autorlibro`.`idlibros` = `libros`.`idlibros`)) ;

-- --------------------------------------------------------

--
-- Estructura para la vista `v_boletas`
--
DROP TABLE IF EXISTS `v_boletas`;

CREATE ALGORITHM=UNDEFINED DEFINER=`root`@`localhost` SQL SECURITY DEFINER VIEW `v_boletas`  AS SELECT `boletas`.`idboletas` AS `idboletas`, `boletas`.`numero` AS `numero`, `boletas`.`fecha` AS `fecha`, `boletas`.`total` AS `total`, `NumerosALetras`(`boletas`.`total`) AS `enLetras`, `boletas`.`idclientes` AS `idclientes`, `detalles_boletas`.`cantidad` AS `cantidad`, `detalles_boletas`.`precio_unitario` AS `precio_unitario`, `detalles_boletas`.`subtotal` AS `subtotal`, `detalles_boletas`.`idlibros` AS `idlibros`, `libros`.`titulo` AS `nombreprod`, `libros`.`descripcion` AS `descripcion`, `libros`.`idgeneros` AS `idgeneros`, `generos`.`generos` AS `generos`, `clientes`.`nombre` AS `nombrecli`, `clientes`.`apellido` AS `apellidocli`, `clientes`.`direccion` AS `direccion`, `clientes`.`email` AS `email`, `clientes`.`dni` AS `dni`, `clientes`.`telefono` AS `telefono` FROM ((((`boletas` join `detalles_boletas` on(`boletas`.`idboletas` = `detalles_boletas`.`idboletas`)) join `libros` on(`detalles_boletas`.`idlibros` = `libros`.`idlibros`)) join `generos` on(`libros`.`idgeneros` = `generos`.`idgeneros`)) join `clientes` on(`boletas`.`idclientes` = `clientes`.`idclientes`)) ;

-- --------------------------------------------------------

--
-- Estructura para la vista `v_cantboletas`
--
DROP TABLE IF EXISTS `v_cantboletas`;

CREATE ALGORITHM=UNDEFINED DEFINER=`root`@`localhost` SQL SECURITY DEFINER VIEW `v_cantboletas`  AS SELECT count(`boletas`.`idboletas`) AS `cantidad` FROM `boletas` ;

-- --------------------------------------------------------

--
-- Estructura para la vista `v_cantclientes`
--
DROP TABLE IF EXISTS `v_cantclientes`;

CREATE ALGORITHM=UNDEFINED DEFINER=`root`@`localhost` SQL SECURITY DEFINER VIEW `v_cantclientes`  AS SELECT count(`clientes`.`idclientes`) AS `cantidad` FROM `clientes` WHERE `clientes`.`estado` = 1 AND `clientes`.`idperfil` = 2 ;

-- --------------------------------------------------------

--
-- Estructura para la vista `v_cantclientes1`
--
DROP TABLE IF EXISTS `v_cantclientes1`;

CREATE ALGORITHM=UNDEFINED DEFINER=`root`@`localhost` SQL SECURITY DEFINER VIEW `v_cantclientes1`  AS SELECT count(`clientes`.`idclientes`) AS `cantidad` FROM `clientes` WHERE `clientes`.`idperfil` = 2 AND `clientes`.`estado` = 0 ;

-- --------------------------------------------------------

--
-- Estructura para la vista `v_clientes`
--
DROP TABLE IF EXISTS `v_clientes`;

CREATE ALGORITHM=UNDEFINED DEFINER=`root`@`localhost` SQL SECURITY DEFINER VIEW `v_clientes`  AS SELECT `clientes`.`idclientes` AS `idclientes`, `clientes`.`nombre` AS `nombre`, `clientes`.`apellido` AS `apellido`, `clientes`.`direccion` AS `direccion`, `clientes`.`dni` AS `dni`, `clientes`.`email` AS `email`, `clientes`.`telefono` AS `telefono`, `clientes`.`login` AS `login`, `clientes`.`pasword` AS `pasword`, `clientes`.`idperfil` AS `idperfil`, `perfiles`.`perfil` AS `perfil`, `clientes`.`url` AS `url` FROM (`clientes` join `perfiles` on(`clientes`.`idperfil` = `perfiles`.`idperfil`)) ;

-- --------------------------------------------------------

--
-- Estructura para la vista `v_libros`
--
DROP TABLE IF EXISTS `v_libros`;

CREATE ALGORITHM=UNDEFINED DEFINER=`root`@`localhost` SQL SECURITY DEFINER VIEW `v_libros`  AS SELECT `libros`.`idlibros` AS `idlibros`, `libros`.`titulo` AS `titulo`, `libros`.`descripcion` AS `descripcion`, `libros`.`precio_unitario` AS `precio_unitario`, `libros`.`añopublicacion` AS `añopublicacion`, `libros`.`stock` AS `stock`, `libros`.`idgeneros` AS `idgeneros`, `generos`.`generos` AS `generos` FROM (`libros` join `generos` on(`libros`.`idgeneros` = `generos`.`idgeneros`)) ;

-- --------------------------------------------------------

--
-- Estructura para la vista `v_libros01`
--
DROP TABLE IF EXISTS `v_libros01`;

CREATE ALGORITHM=UNDEFINED DEFINER=`root`@`localhost` SQL SECURITY DEFINER VIEW `v_libros01`  AS SELECT `libros`.`idlibros` AS `idlibros`, `libros`.`titulo` AS `titulo`, `libros`.`descripcion` AS `descripcion`, `libros`.`precio_unitario` AS `precio_unitario`, `libros`.`añopublicacion` AS `añopublicacion`, `libros`.`stock` AS `stock`, `libros`.`idgeneros` AS `idgeneros`, `generos`.`generos` AS `generos`, `imagenes_producto`.`url` AS `url` FROM ((`libros` join `generos` on(`libros`.`idgeneros` = `generos`.`idgeneros`)) left join `imagenes_producto` on(`libros`.`idlibros` = `imagenes_producto`.`idlibros`)) GROUP BY `libros`.`idlibros`, `libros`.`titulo`, `libros`.`descripcion`, `libros`.`precio_unitario`, `libros`.`añopublicacion`, `libros`.`añopublicacion`, `libros`.`stock`, `libros`.`idgeneros`, `generos`.`generos` ;

-- --------------------------------------------------------

--
-- Estructura para la vista `v_libros02`
--
DROP TABLE IF EXISTS `v_libros02`;

CREATE ALGORITHM=UNDEFINED DEFINER=`root`@`localhost` SQL SECURITY DEFINER VIEW `v_libros02`  AS SELECT `libros`.`idlibros` AS `idlibros`, `libros`.`titulo` AS `titulo`, `libros`.`descripcion` AS `descripcion`, `libros`.`precio_unitario` AS `precio_unitario`, `libros`.`añopublicacion` AS `añopublicacion`, `libros`.`stock` AS `stock`, `libros`.`idgeneros` AS `idgeneros`, `generos`.`generos` AS `generos`, `editlibro`.`ideditoriales` AS `ideditoriales`, `editoriales`.`editoriales` AS `editoriales`, `autorlibro`.`idautores` AS `idautores`, `autores`.`fullnombres` AS `fullnombres`, `imagenes_producto`.`url` AS `url` FROM ((((((`libros` join `generos` on(`libros`.`idgeneros` = `generos`.`idgeneros`)) join `editlibro` on(`libros`.`idlibros` = `editlibro`.`idlibros`)) join `editoriales` on(`editlibro`.`ideditoriales` = `editoriales`.`ideditoriales`)) join `autorlibro` on(`libros`.`idlibros` = `autorlibro`.`idlibros`)) join `autores` on(`autorlibro`.`idautores` = `autores`.`idautores`)) left join `imagenes_producto` on(`libros`.`idlibros` = `imagenes_producto`.`idlibros`)) GROUP BY `libros`.`idlibros`, `libros`.`titulo`, `libros`.`descripcion`, `libros`.`precio_unitario`, `libros`.`añopublicacion`, `libros`.`añopublicacion`, `libros`.`stock`, `libros`.`idgeneros`, `generos`.`generos`, `editlibro`.`ideditoriales`, `editoriales`.`editoriales`, `autorlibro`.`idautores`, `autores`.`fullnombres` ;

--
-- Índices para tablas volcadas
--

--
-- Indices de la tabla `auditoria`
--
ALTER TABLE `auditoria`
  ADD PRIMARY KEY (`idauditoria`);

--
-- Indices de la tabla `autores`
--
ALTER TABLE `autores`
  ADD PRIMARY KEY (`idautores`);

--
-- Indices de la tabla `autorlibro`
--
ALTER TABLE `autorlibro`
  ADD PRIMARY KEY (`idautores`,`idlibros`),
  ADD KEY `fk_autorlibro_libros1_idx` (`idlibros`);

--
-- Indices de la tabla `boletas`
--
ALTER TABLE `boletas`
  ADD PRIMARY KEY (`idboletas`),
  ADD KEY `fk_boletas_clientes_idx` (`idclientes`);

--
-- Indices de la tabla `clientes`
--
ALTER TABLE `clientes`
  ADD PRIMARY KEY (`idclientes`),
  ADD KEY `idperfil` (`idperfil`);

--
-- Indices de la tabla `contactanos`
--
ALTER TABLE `contactanos`
  ADD PRIMARY KEY (`id`);

--
-- Indices de la tabla `contador`
--
ALTER TABLE `contador`
  ADD PRIMARY KEY (`id`);

--
-- Indices de la tabla `detallespedidos`
--
ALTER TABLE `detallespedidos`
  ADD PRIMARY KEY (`iddetallespedidos`,`idpedidos`,`idlibros`),
  ADD KEY `fk_detallespedidos_pedidos1_idx` (`idpedidos`),
  ADD KEY `fk_detallespedidos_libros1_idx` (`idlibros`);

--
-- Indices de la tabla `detalles_boletas`
--
ALTER TABLE `detalles_boletas`
  ADD PRIMARY KEY (`iddetalles_boletas`),
  ADD KEY `fk_detalles_boletas_boletas1_idx` (`idboletas`),
  ADD KEY `fk_detalles_boletas_libros1_idx` (`idlibros`);

--
-- Indices de la tabla `editlibro`
--
ALTER TABLE `editlibro`
  ADD PRIMARY KEY (`ideditoriales`,`idlibros`),
  ADD KEY `fk_editlibro_libros1_idx` (`idlibros`);

--
-- Indices de la tabla `editoriales`
--
ALTER TABLE `editoriales`
  ADD PRIMARY KEY (`ideditoriales`);

--
-- Indices de la tabla `estadopedido`
--
ALTER TABLE `estadopedido`
  ADD PRIMARY KEY (`idestadopedido`);

--
-- Indices de la tabla `generos`
--
ALTER TABLE `generos`
  ADD PRIMARY KEY (`idgeneros`);

--
-- Indices de la tabla `imagenes_producto`
--
ALTER TABLE `imagenes_producto`
  ADD PRIMARY KEY (`idimagen`),
  ADD KEY `fk_imagenes_producto_libros1_idx` (`idlibros`);

--
-- Indices de la tabla `libros`
--
ALTER TABLE `libros`
  ADD PRIMARY KEY (`idlibros`),
  ADD KEY `fk_libros_generos1_idx` (`idgeneros`);

--
-- Indices de la tabla `pedidos`
--
ALTER TABLE `pedidos`
  ADD PRIMARY KEY (`idpedidos`),
  ADD KEY `fk_pedidos_clientes1_idx` (`idclientes`),
  ADD KEY `fk_pedidos_estadopedido1_idx` (`idestadopedido`);

--
-- Indices de la tabla `perfiles`
--
ALTER TABLE `perfiles`
  ADD PRIMARY KEY (`idperfil`);

--
-- Indices de la tabla `tipos_clientes`
--
ALTER TABLE `tipos_clientes`
  ADD PRIMARY KEY (`idtipos_clientes`);

--
-- Indices de la tabla `usuarios`
--
ALTER TABLE `usuarios`
  ADD PRIMARY KEY (`idusuario`),
  ADD KEY `fk_usuarios_perfiles1_idx` (`idperfil`);

--
-- AUTO_INCREMENT de las tablas volcadas
--

--
-- AUTO_INCREMENT de la tabla `clientes`
--
ALTER TABLE `clientes`
  MODIFY `idclientes` int(11) NOT NULL AUTO_INCREMENT, AUTO_INCREMENT=91;

--
-- AUTO_INCREMENT de la tabla `contactanos`
--
ALTER TABLE `contactanos`
  MODIFY `id` int(11) NOT NULL AUTO_INCREMENT, AUTO_INCREMENT=26;

--
-- AUTO_INCREMENT de la tabla `contador`
--
ALTER TABLE `contador`
  MODIFY `id` int(11) NOT NULL AUTO_INCREMENT, AUTO_INCREMENT=984;

--
-- AUTO_INCREMENT de la tabla `detalles_boletas`
--
ALTER TABLE `detalles_boletas`
  MODIFY `iddetalles_boletas` int(11) NOT NULL AUTO_INCREMENT, AUTO_INCREMENT=71;

--
-- AUTO_INCREMENT de la tabla `usuarios`
--
ALTER TABLE `usuarios`
  MODIFY `idusuario` int(11) NOT NULL AUTO_INCREMENT, AUTO_INCREMENT=5;

--
-- Restricciones para tablas volcadas
--

--
-- Filtros para la tabla `autorlibro`
--
ALTER TABLE `autorlibro`
  ADD CONSTRAINT `fk_autorlibro_autores1` FOREIGN KEY (`idautores`) REFERENCES `autores` (`idautores`) ON DELETE NO ACTION ON UPDATE NO ACTION,
  ADD CONSTRAINT `fk_autorlibro_libros1` FOREIGN KEY (`idlibros`) REFERENCES `libros` (`idlibros`) ON DELETE NO ACTION ON UPDATE NO ACTION;

--
-- Filtros para la tabla `boletas`
--
ALTER TABLE `boletas`
  ADD CONSTRAINT `fk_boletas_clientes` FOREIGN KEY (`idclientes`) REFERENCES `clientes` (`idclientes`) ON DELETE NO ACTION ON UPDATE NO ACTION;

--
-- Filtros para la tabla `clientes`
--
ALTER TABLE `clientes`
  ADD CONSTRAINT `clientes_ibfk_1` FOREIGN KEY (`idperfil`) REFERENCES `perfiles` (`idperfil`);

--
-- Filtros para la tabla `detallespedidos`
--
ALTER TABLE `detallespedidos`
  ADD CONSTRAINT `fk_detallespedidos_libros1` FOREIGN KEY (`idlibros`) REFERENCES `libros` (`idlibros`) ON DELETE NO ACTION ON UPDATE NO ACTION,
  ADD CONSTRAINT `fk_detallespedidos_pedidos1` FOREIGN KEY (`idpedidos`) REFERENCES `pedidos` (`idpedidos`) ON DELETE NO ACTION ON UPDATE NO ACTION;

--
-- Filtros para la tabla `detalles_boletas`
--
ALTER TABLE `detalles_boletas`
  ADD CONSTRAINT `fk_detalles_boletas_boletas1` FOREIGN KEY (`idboletas`) REFERENCES `boletas` (`idboletas`) ON DELETE NO ACTION ON UPDATE NO ACTION,
  ADD CONSTRAINT `fk_detalles_boletas_libros1` FOREIGN KEY (`idlibros`) REFERENCES `libros` (`idlibros`) ON DELETE NO ACTION ON UPDATE NO ACTION;

--
-- Filtros para la tabla `editlibro`
--
ALTER TABLE `editlibro`
  ADD CONSTRAINT `fk_editlibro_editoriales1` FOREIGN KEY (`ideditoriales`) REFERENCES `editoriales` (`ideditoriales`) ON DELETE NO ACTION ON UPDATE NO ACTION,
  ADD CONSTRAINT `fk_editlibro_libros1` FOREIGN KEY (`idlibros`) REFERENCES `libros` (`idlibros`) ON DELETE NO ACTION ON UPDATE NO ACTION;

--
-- Filtros para la tabla `imagenes_producto`
--
ALTER TABLE `imagenes_producto`
  ADD CONSTRAINT `fk_imagenes_producto_libros1` FOREIGN KEY (`idlibros`) REFERENCES `libros` (`idlibros`) ON DELETE NO ACTION ON UPDATE NO ACTION;

--
-- Filtros para la tabla `libros`
--
ALTER TABLE `libros`
  ADD CONSTRAINT `fk_libros_generos1` FOREIGN KEY (`idgeneros`) REFERENCES `generos` (`idgeneros`) ON DELETE NO ACTION ON UPDATE NO ACTION;

--
-- Filtros para la tabla `pedidos`
--
ALTER TABLE `pedidos`
  ADD CONSTRAINT `fk_pedidos_clientes1` FOREIGN KEY (`idclientes`) REFERENCES `clientes` (`idclientes`) ON DELETE NO ACTION ON UPDATE NO ACTION,
  ADD CONSTRAINT `fk_pedidos_estadopedido1` FOREIGN KEY (`idestadopedido`) REFERENCES `estadopedido` (`idestadopedido`) ON DELETE NO ACTION ON UPDATE NO ACTION;

--
-- Filtros para la tabla `usuarios`
--
ALTER TABLE `usuarios`
  ADD CONSTRAINT `fk_usuarios_perfiles1` FOREIGN KEY (`idperfil`) REFERENCES `perfiles` (`idperfil`) ON DELETE NO ACTION ON UPDATE NO ACTION;
COMMIT;

/*!40101 SET CHARACTER_SET_CLIENT=@OLD_CHARACTER_SET_CLIENT */;
/*!40101 SET CHARACTER_SET_RESULTS=@OLD_CHARACTER_SET_RESULTS */;
/*!40101 SET COLLATION_CONNECTION=@OLD_COLLATION_CONNECTION */;
